{"stats":{"minecraft:custom":{"minecraft:interact_with_crafting_table":105,"minecraft:leave_game":6,"minecraft:time_since_death":7687,"minecraft:sprint_one_cm":1111513,"minecraft:damage_blocked_by_shield":1944,"minecraft:drop":88,"minecraft:talked_to_villager":63,"minecraft:play_time":448768,"minecraft:deaths":38,"minecraft:jump":7925,"minecraft:walk_on_water_one_cm":95868,"minecraft:enchant_item":9,"minecraft:interact_with_furnace":109,"minecraft:traded_with_villager":51,"minecraft:interact_with_cartography_table":1,"minecraft:sleep_in_bed":9,"minecraft:damage_dealt":19884,"minecraft:player_kills":4,"minecraft:crouch_one_cm":91759,"minecraft:mob_kills":139,"minecraft:interact_with_anvil":5,"minecraft:climb_one_cm":1202,"minecraft:walk_one_cm":926370,"minecraft:sneak_time":28501,"minecraft:walk_under_water_one_cm":47121,"minecraft:boat_one_cm":667036,"minecraft:interact_with_blast_furnace":42,"minecraft:total_world_time":448768,"minecraft:interact_with_grindstone":8,"minecraft:time_since_rest":7707,"minecraft:damage_taken":10795,"minecraft:swim_one_cm":150032,"minecraft:fly_one_cm":1768460,"minecraft:open_chest":224,"minecraft:fall_one_cm":202383},"minecraft:picked_up":{"minecraft:oak_stairs":1,"minecraft:enchanted_book":2,"minecraft:string":25,"minecraft:raw_copper":16,"minecraft:beetroot":1,"minecraft:cobbled_deepslate":155,"minecraft:gold_nugget":4,"minecraft:smooth_stone":3,"minecraft:bucket":1,"minecraft:rose_bush":2,"minecraft:furnace":15,"minecraft:stick":294,"minecraft:composter":1,"minecraft:oak_fence":1,"minecraft:torch":68,"minecraft:porkchop":5,"minecraft:cherry_log":13,"minecraft:stone_sword":1,"minecraft:rotten_flesh":48,"minecraft:armadillo_scute":7,"minecraft:obsidian":22,"minecraft:cobblestone":142,"minecraft:birch_log":31,"minecraft:pink_petals":60,"minecraft:magma_block":2,"minecraft:feather":16,"minecraft:lilac":5,"minecraft:magma_cream":1,"minecraft:water_bucket":1,"minecraft:andesite":17,"minecraft:black_bed":2,"minecraft:potato":2,"minecraft:flint":11,"minecraft:tuff":35,"minecraft:lapis_lazuli":54,"minecraft:dirt":396,"minecraft:bone":18,"minecraft:bow":2,"minecraft:wheat_seeds":59,"minecraft:raw_gold":26,"minecraft:bell":1,"minecraft:grindstone":1,"minecraft:fletching_table":4,"minecraft:oak_planks":682,"minecraft:sand":110,"minecraft:grass_block":1,"minecraft:mossy_cobblestone":1,"minecraft:diamond":53,"minecraft:soul_lantern":1,"minecraft:granite":13,"minecraft:bone_meal":1,"minecraft:emerald":6,"minecraft:oak_sapling":35,"minecraft:bricks":1,"minecraft:diamond_pickaxe":1,"minecraft:crafting_table":10,"minecraft:chicken":11,"minecraft:brown_mushroom":1,"minecraft:wooden_pickaxe":1,"minecraft:diamond_horse_armor":1,"minecraft:cartography_table":1,"minecraft:candle":2,"minecraft:beef":20,"minecraft:oak_boat":27,"minecraft:poppy":4,"minecraft:light_gray_wool":1,"minecraft:lectern":16,"minecraft:chest":4,"minecraft:sugar_cane":72,"minecraft:birch_sapling":6,"minecraft:egg":3,"minecraft:raw_iron":170,"minecraft:sandstone":5,"minecraft:stone":3,"minecraft:carrot":10,"minecraft:redstone":44,"minecraft:tnt":26,"minecraft:arrow":17,"minecraft:beetroot_seeds":5,"minecraft:peony":19,"minecraft:deepslate_bricks":3,"minecraft:hay_block":5,"minecraft:cracked_deepslate_bricks":3,"minecraft:mutton":13,"minecraft:white_wool":8,"minecraft:salmon":5,"minecraft:leather":11,"minecraft:oak_log":291,"minecraft:yellow_bed":1,"minecraft:gunpowder":3,"minecraft:cooked_mutton":8,"minecraft:apple":7,"minecraft:iron_ingot":10,"minecraft:stone_pickaxe":2,"minecraft:oak_slab":86,"minecraft:milk_bucket":1,"minecraft:quartz":1,"minecraft:dandelion":3,"minecraft:raw_iron_block":2,"minecraft:gravel":147,"minecraft:blast_furnace":7,"minecraft:white_bed":1,"minecraft:spider_eye":2,"minecraft:stone_axe":3,"minecraft:cherry_sapling":1,"minecraft:gray_wool":2,"minecraft:black_wool":2,"minecraft:coal":40},"minecraft:killed":{"minecraft:spider":16,"minecraft:skeleton":22,"minecraft:chicken":12,"minecraft:magma_cube":1,"minecraft:pig":2,"minecraft:salmon":7,"minecraft:creeper":3,"minecraft:sheep":9,"minecraft:pillager":1,"minecraft:zombie":47,"minecraft:cow":10,"minecraft:armadillo":1,"minecraft:slime":1,"minecraft:horse":2,"minecraft:wandering_trader":1,"minecraft:enderman":3},"minecraft:mined":{"minecraft:white_bed":2,"minecraft:sculk_vein":2,"minecraft:cherry_log":17,"minecraft:obsidian":22,"minecraft:granite":13,"minecraft:grass_block":316,"minecraft:deepslate_bricks":3,"minecraft:composter":2,"minecraft:smooth_stone":3,"minecraft:raw_iron_block":2,"minecraft:magma_block":2,"minecraft:sculk_catalyst":2,"minecraft:cobbled_deepslate":3,"minecraft:iron_ore":4,"minecraft:fire":1,"minecraft:fletching_table":5,"minecraft:deepslate_lapis_ore":2,"minecraft:sculk_shrieker":3,"minecraft:dirt_path":7,"minecraft:oak_stairs":1,"minecraft:deepslate_redstone_ore":10,"minecraft:soul_fire":26,"minecraft:soul_lantern":2,"minecraft:torch":2,"minecraft:blast_furnace":7,"minecraft:poppy":4,"minecraft:chest":4,"minecraft:nether_quartz_ore":1,"minecraft:cobblestone":8,"minecraft:bricks":1,"minecraft:oak_planks":7,"minecraft:grindstone":1,"minecraft:sugar_cane":36,"minecraft:wall_torch":4,"minecraft:pink_petals":2,"minecraft:white_terracotta":2,"minecraft:birch_log":30,"minecraft:wheat":12,"minecraft:lilac":5,"minecraft:black_bed":2,"minecraft:oak_log":294,"minecraft:beetroots":2,"minecraft:sand":117,"minecraft:dirt":70,"minecraft:netherrack":1,"minecraft:oak_leaves":96,"minecraft:deepslate":149,"minecraft:nether_gold_ore":5,"minecraft:tuff":22,"minecraft:mossy_cobblestone":1,"minecraft:deepslate_diamond_ore":3,"minecraft:cartography_table":1,"minecraft:sandstone":5,"minecraft:hay_block":5,"minecraft:furnace":15,"minecraft:carrots":9,"minecraft:andesite":13,"minecraft:peony":24,"minecraft:bell":1,"minecraft:potatoes":2,"minecraft:deepslate_iron_ore":47,"minecraft:stone":108,"minecraft:oak_slab":85,"minecraft:dandelion":1,"minecraft:oak_fence":1,"minecraft:crafting_table":13,"minecraft:short_grass":329,"minecraft:rose_bush":5,"minecraft:sculk_sensor":7,"minecraft:lectern":16,"minecraft:copper_ore":5,"minecraft:tall_grass":35,"minecraft:lapis_ore":3,"minecraft:deepslate_gold_ore":26,"minecraft:cracked_deepslate_bricks":3,"minecraft:sculk":32,"minecraft:gray_wool":1,"minecraft:birch_leaves":4,"minecraft:yellow_bed":1,"minecraft:coal_ore":40,"minecraft:cherry_leaves":1,"minecraft:sunflower":1,"minecraft:gravel":161},"minecraft:dropped":{"minecraft:brown_mushroom":1,"minecraft:lapis_lazuli":71,"minecraft:diamond":20,"minecraft:crafting_table":1,"minecraft:flint":1,"minecraft:emerald":9,"minecraft:dirt":3,"minecraft:iron_pickaxe":1,"minecraft:bone":2,"minecraft:gravel":10,"minecraft:stone_axe":3,"minecraft:cobbled_deepslate":27,"minecraft:cherry_sapling":3,"minecraft:beetroot":1,"minecraft:rotten_flesh":20,"minecraft:oak_planks":7,"minecraft:cooked_mutton":15,"minecraft:gunpowder":1,"minecraft:beetroot_seeds":5,"minecraft:arrow":1,"minecraft:water_bucket":2,"minecraft:enchanted_book":3,"minecraft:oak_slab":1,"minecraft:wheat_seeds":23,"minecraft:tnt":64,"minecraft:mossy_cobblestone":1,"minecraft:iron_helmet":1,"minecraft:cobblestone":6,"minecraft:apple":4,"minecraft:granite":6,"minecraft:stick":6,"minecraft:milk_bucket":2,"minecraft:torch":118,"minecraft:iron_leggings":1,"minecraft:armadillo_scute":5,"minecraft:string":11,"minecraft:dandelion":2,"minecraft:stone_sword":2,"minecraft:tuff":19,"minecraft:composter":1,"minecraft:stone_shovel":1,"minecraft:light_gray_wool":1,"minecraft:iron_boots":1,"minecraft:shield":1,"minecraft:peony":1,"minecraft:iron_chestplate":1,"minecraft:diamond_pickaxe":1,"minecraft:oak_sapling":9,"minecraft:bow":2,"minecraft:stone_pickaxe":2},"minecraft:broken":{"minecraft:stone_pickaxe":2,"minecraft:stone_axe":5,"minecraft:stone_shovel":3,"minecraft:iron_axe":1,"minecraft:iron_helmet":1},"minecraft:killed_by":{"minecraft:zombie":4,"minecraft:player":4,"minecraft:spider":2,"minecraft:warden":11,"minecraft:skeleton":3},"minecraft:used":{"minecraft:iron_shovel":146,"minecraft:chest":10,"minecraft:shield":55,"minecraft:iron_sword":103,"minecraft:mutton":4,"minecraft:carrot":8,"minecraft:milk_bucket":2,"minecraft:obsidian":10,"minecraft:lava_bucket":5,"minecraft:grass_block":1,"minecraft:birch_sapling":1,"minecraft:magma_block":1,"minecraft:bow":166,"minecraft:oak_sapling":3,"minecraft:furnace":16,"minecraft:egg":1,"minecraft:stone_pickaxe":220,"minecraft:oak_planks":77,"minecraft:wooden_pickaxe":19,"minecraft:sandstone":5,"minecraft:sugar_cane":2,"minecraft:sand":6,"minecraft:blast_furnace":7,"minecraft:black_bed":3,"minecraft:bread":2,"minecraft:lectern":18,"minecraft:gravel":107,"minecraft:soul_lantern":1,"minecraft:grindstone":2,"minecraft:andesite":9,"minecraft:oak_boat":32,"minecraft:bone_meal":14,"minecraft:oak_fence":1,"minecraft:enchanting_table":1,"minecraft:stone_sword":25,"minecraft:flint_and_steel":16,"minecraft:cracked_deepslate_bricks":1,"minecraft:stone_shovel":481,"minecraft:cooked_salmon":19,"minecraft:cooked_chicken":7,"minecraft:torch":106,"minecraft:dirt":223,"minecraft:anvil":1,"minecraft:granite":1,"minecraft:wooden_axe":14,"minecraft:iron_axe":310,"minecraft:beef":3,"minecraft:cobbled_deepslate":26,"minecraft:cooked_mutton":13,"minecraft:water_bucket":34,"minecraft:fletching_table":7,"minecraft:tnt":14,"minecraft:oak_slab":291,"minecraft:crafting_table":23,"minecraft:white_bed":1,"minecraft:oak_log":9,"minecraft:diamond_pickaxe":274,"minecraft:apple":21,"minecraft:chicken":1,"minecraft:iron_pickaxe":113,"minecraft:stone_axe":380,"minecraft:pink_petals":58,"minecraft:pink_bed":1,"minecraft:cobblestone":6,"minecraft:cooked_porkchop":3,"minecraft:bucket":40,"minecraft:candle":2},"minecraft:crafted":{"minecraft:grindstone":1,"minecraft:smooth_stone":3,"minecraft:oak_planks":840,"minecraft:pink_bed":1,"minecraft:cooked_chicken":7,"minecraft:stone":6,"minecraft:bookshelf":2,"minecraft:cooked_mutton":20,"minecraft:glass":34,"minecraft:iron_boots":2,"minecraft:bow":2,"minecraft:chest":8,"minecraft:magenta_dye":2,"minecraft:oak_slab":246,"minecraft:emerald":49,"minecraft:arrow":4,"minecraft:cooked_porkchop":3,"minecraft:crafting_table":16,"minecraft:iron_helmet":2,"minecraft:wooden_pickaxe":1,"minecraft:fletching_table":4,"minecraft:birch_planks":124,"minecraft:lectern":2,"minecraft:iron_chestplate":2,"minecraft:book":12,"minecraft:paper":36,"minecraft:diamond_pickaxe":1,"minecraft:shield":2,"minecraft:stick":1064,"minecraft:stone_slab":6,"minecraft:iron_ingot":104,"minecraft:iron_pickaxe":2,"minecraft:iron_block":3,"minecraft:stone_sword":1,"minecraft:stone_shovel":4,"minecraft:raw_iron":18,"minecraft:furnace":6,"minecraft:blast_furnace":1,"minecraft:bone_meal":51,"minecraft:pink_dye":2,"minecraft:flint_and_steel":1,"minecraft:iron_axe":2,"minecraft:stone_pickaxe":3,"minecraft:enchanting_table":1,"minecraft:iron_sword":1,"minecraft:cooked_salmon":19,"minecraft:bucket":2,"minecraft:stone_axe":5,"minecraft:enchanted_book":2,"minecraft:air":0,"minecraft:oak_boat":8,"minecraft:wooden_axe":1,"minecraft:iron_shovel":1,"minecraft:iron_leggings":2,"minecraft:anvil":1,"minecraft:white_bed":1,"minecraft:torch":160}},"DataVersion":3839}