{"stats":{"minecraft:crafted":{"minecraft:oak_slab":186,"minecraft:oak_planks":328,"minecraft:stone_shovel":4,"minecraft:arrow":4,"minecraft:crafting_table":5,"minecraft:pink_bed":1,"minecraft:wooden_pickaxe":1,"minecraft:cooked_chicken":7,"minecraft:furnace":2,"minecraft:cooked_salmon":6,"minecraft:stone_axe":3,"minecraft:pink_dye":2,"minecraft:cooked_mutton":10,"minecraft:air":0,"minecraft:glass":22,"minecraft:stick":12,"minecraft:stone_pickaxe":2,"minecraft:stone_sword":1,"minecraft:chest":8,"minecraft:white_bed":1,"minecraft:magenta_dye":2},"minecraft:used":{"minecraft:cooked_mutton":3,"minecraft:stone_sword":25,"minecraft:stone_shovel":331,"minecraft:stone_pickaxe":58,"minecraft:oak_planks":38,"minecraft:chest":7,"minecraft:wooden_pickaxe":19,"minecraft:sandstone":3,"minecraft:sugar_cane":2,"minecraft:cooked_salmon":5,"minecraft:dirt":147,"minecraft:sand":5,"minecraft:oak_slab":204,"minecraft:crafting_table":8,"minecraft:white_bed":1,"minecraft:black_bed":2,"minecraft:oak_log":8,"minecraft:apple":1,"minecraft:chicken":1,"minecraft:stone_axe":223,"minecraft:pink_bed":1,"minecraft:oak_sapling":3,"minecraft:furnace":4},"minecraft:picked_up":{"minecraft:birch_log":7,"minecraft:crafting_table":3,"minecraft:lilac":5,"minecraft:feather":16,"minecraft:chicken":11,"minecraft:salmon":5,"minecraft:andesite":8,"minecraft:black_bed":1,"minecraft:leather":4,"minecraft:wooden_pickaxe":1,"minecraft:oak_log":179,"minecraft:dirt":239,"minecraft:raw_copper":7,"minecraft:bone":3,"minecraft:apple":3,"minecraft:bow":1,"minecraft:wheat_seeds":25,"minecraft:beef":7,"minecraft:stone_pickaxe":2,"minecraft:chest":3,"minecraft:sugar_cane":13,"minecraft:birch_sapling":2,"minecraft:oak_planks":266,"minecraft:furnace":2,"minecraft:oak_slab":22,"minecraft:stick":22,"minecraft:sandstone":3,"minecraft:gravel":5,"minecraft:sand":87,"minecraft:white_bed":1,"minecraft:stone_sword":1,"minecraft:arrow":1,"minecraft:rotten_flesh":5,"minecraft:peony":16,"minecraft:stone_axe":3,"minecraft:granite":6,"minecraft:bone_meal":1,"minecraft:oak_sapling":15,"minecraft:black_wool":1,"minecraft:mutton":6,"minecraft:coal":19,"minecraft:white_wool":6,"minecraft:cobblestone":46},"minecraft:killed":{"minecraft:salmon":7,"minecraft:sheep":6,"minecraft:skeleton":2,"minecraft:zombie":3,"minecraft:chicken":11,"minecraft:cow":4},"minecraft:killed_by":{"minecraft:player":2,"minecraft:zombie":1},"minecraft:dropped":{"minecraft:stone_axe":3,"minecraft:stone_sword":2,"minecraft:stone_shovel":1,"minecraft:cooked_mutton":7,"minecraft:stick":6,"minecraft:oak_sapling":9,"minecraft:stone_pickaxe":2},"minecraft:mined":{"minecraft:oak_slab":15,"minecraft:white_bed":2,"minecraft:crafting_table":4,"minecraft:granite":3,"minecraft:short_grass":142,"minecraft:grass_block":237,"minecraft:chest":3,"minecraft:copper_ore":2,"minecraft:tall_grass":17,"minecraft:oak_planks":3,"minecraft:sugar_cane":5,"minecraft:sandstone":3,"minecraft:furnace":2,"minecraft:birch_log":6,"minecraft:lilac":5,"minecraft:birch_leaves":1,"minecraft:andesite":4,"minecraft:black_bed":1,"minecraft:peony":21,"minecraft:coal_ore":19,"minecraft:oak_log":182,"minecraft:gravel":7,"minecraft:sand":89,"minecraft:dirt":32,"minecraft:stone":44,"minecraft:oak_leaves":49},"minecraft:custom":{"minecraft:interact_with_furnace":33,"minecraft:mob_kills":33,"minecraft:interact_with_crafting_table":26,"minecraft:time_since_death":57080,"minecraft:leave_game":2,"minecraft:sleep_in_bed":3,"minecraft:time_since_rest":13749,"minecraft:sprint_one_cm":206428,"minecraft:damage_taken":1142,"minecraft:walk_one_cm":209566,"minecraft:drop":11,"minecraft:damage_dealt":3113,"minecraft:swim_one_cm":16379,"minecraft:fly_one_cm":279438,"minecraft:player_kills":2,"minecraft:open_chest":22,"minecraft:crouch_one_cm":23060,"minecraft:play_time":85447,"minecraft:deaths":9,"minecraft:sneak_time":5166,"minecraft:walk_under_water_one_cm":4038,"minecraft:jump":1412,"minecraft:walk_on_water_one_cm":9675,"minecraft:total_world_time":85447,"minecraft:fall_one_cm":40440},"minecraft:broken":{"minecraft:stone_axe":1,"minecraft:stone_shovel":2}},"DataVersion":3839}