{"stats":{"minecraft:used":{"biomesoplenty:willow_vine":11,"cfm:oak_mail_box":1,"handcrafted:kitchen_hood":1,"minecraft:writable_book":3,"luphieclutteredmod:luphie_purple_plank_set_stairs":15,"alexsmobs:spawn_egg_anteater":1,"handcrafted:fancy_painting":15,"minecraft:flint_and_steel":303,"minecraft:ladder":3,"minecraft:oak_sign":2,"minecraft:light_gray_carpet":18,"minecraft:spruce_planks":49,"minecraft:wooden_shovel":59,"alexsmobs:spawn_egg_enderiophage":1,"luphieclutteredmod:luphie_yellow_sink_counter":2,"luphieclutteredmod:luphie_antique_library_books":1,"cfm:jungle_chair":7,"minecraft:bell":1,"luphieclutteredmod:luphie_mushroom_chest":2,"luphieclutteredmod:luphie_purple_plank_set_slab":91,"luphieclutteredmod:luphie_wood_endtable":2,"alexsmobs:spawn_egg_laviathan":1,"biomesoplenty:chiseled_white_sandstone":1,"minecraft:torch":8,"minecraft:birch_pressure_plate":12,"minecraft:dirt":1,"alexsmobs:spawn_egg_warped_mosco":1,"biomesoplenty:umbran_log":82,"minecraft:white_carpet":4,"luphieclutteredmod:luphie_yellow_mini_cabinet":4,"alexsmobs:spawn_egg_flying_fish":1,"minecraft:spruce_stairs":37,"luphieclutteredmod:luphie_yellow_slab":1,"luphieclutteredmod:luphie_pastel_table":1,"luphieclutteredmod:luphie_pink_mini_cabinet":1,"luphieclutteredmod:luphie_mushroom_tv":14,"minecraft:glow_lichen":19,"biomesoplenty:jacaranda_slab":2,"minecraft:nether_brick_stairs":69,"biomesoplenty:black_sandstone":21,"alexsmobs:spawn_egg_terrapin":2,"luphieclutteredmod:luphie_flowering_purple_s_tairs":126,"luphieclutteredmod:luphie_nightstand_knick_knacks":2,"minecraft:dark_oak_planks":667,"wom:ender_blaster":33,"luphieclutteredmod:luphie_black_cat_plant_pot":6,"minecraft:wooden_axe":27,"alexsmobs:spawn_egg_platypus":1,"luphieclutteredmod:luphie_sewing_table":6,"minecraft:cyan_terracotta":31,"minecraft:quartz_pillar":46,"luphieclutteredmod:luphie_light_gray_armchair":2,"minecraft:quartz_slab":90,"fantasyfurniture:nordic/bookshelf":5,"minecraft:grass_block":406,"luphieclutteredmod:luphie_polaroid_garland_b":2,"minecraft:quartz_block":42,"alexsmobs:spawn_egg_devils_hole_pupfish":1,"luphieclutteredmod:luphie_mini_cactus_set":1,"minecraft:gray_concrete_powder":1,"minecraft:dark_oak_slab":163,"luphieclutteredmod:luphie_hanging_plant_b":10,"minecraft:cherry_leaves":30,"luphieclutteredmod:luphie_antique_lamp":4,"alexsmobs:spawn_egg_tusklin":1,"luphieclutteredmod:luphie_lunar_observatory_books":2,"alexsmobs:spawn_egg_snow_leopard":1,"biomesoplenty:smooth_white_sandstone":2,"luphieclutteredmod:luphie_flowering_yellow_door":4,"alexsmobs:spawn_egg_cachalot_whale":1,"cfm:stripped_oak_upgraded_fence":2,"biomesoplenty:jacaranda_stairs":89,"cfm:stripped_spruce_upgraded_fence":68,"minecraft:red_carpet":3,"minecraft:bedrock":129,"alexsmobs:spawn_egg_stradpole":2,"fantasyfurniture:nordic/chandelier":3,"wom:antitheus":342,"cfm:fridge_light":1,"luphieclutteredmod:luphie_darkwood_southern_flair_decorative_shelves":8,"alexsmobs:spawn_egg_emu":2,"alexsmobs:spawn_egg_seagull":2,"luphieclutteredmod:small_shelf":8,"alexsmobs:spawn_egg_tasmanian_devil":1,"luphieclutteredmod:luphie_yellow_left_outer_corner_counter":9,"naturalist:teddy_bear":2,"fantasyfurniture:dunmer/wall_light":3,"minecraft:egg":4,"biomesoplenty:dead_log":31,"luphieclutteredmod:luphie_black_cat_garland":19,"biomesoplenty:burning_blossom":5,"luphieclutteredmod:luphie_yellow_glass_cabinet":6,"luphieclutteredmod:luphie_antique_book_stand":1,"minecraft:dark_oak_stairs":512,"minecraft:water_bucket":43,"minecraft:end_rod":1,"luphieclutteredmod:luphie_wedding_arch":8,"biomesoplenty:umbran_stairs":39,"luphieclutteredmod:luphie_yellow_inner_corner_counter":4,"luphieclutteredmod:luphie_lunar_observatory_table":2,"minecraft:birch_planks":38,"minecraft:oak_planks":6,"alexsmobs:spawn_egg_tiger":1,"luphieclutteredmod:luphie_yellow_right_outer_corner_counter":2,"alexsmobs:spawn_egg_toucan":1,"alexsmobs:spawn_egg_anaconda":1,"luphieclutteredmod:luphie_yellow_planks":175,"luphieclutteredmod:luphie_worn_dorado_cabinet":4,"biomesoplenty:glowflower":14,"alexsmobs:spawn_egg_bald_eagle":1,"alexsmobs:spawn_egg_straddler":1,"minecraft:deepslate_bricks":72,"luphieclutteredmod:red_sand_seal_plush":4,"cfm:stripped_birch_blinds":8,"minecraft:stripped_dark_oak_log":1,"alexsmobs:spawn_egg_mimic_octopus":1,"alexsmobs:spawn_egg_dropbear":1,"biomesoplenty:black_sandstone_slab":35,"luphieclutteredmod:luphie_glowing_moon":4,"biomesoplenty:mahogany_door":2,"biomesoplenty:dead_planks":61,"alexsmobs:spawn_egg_guster":1,"alexsmobs:spawn_egg_maned_wolf":1,"minecraft:ochre_froglight":1,"handcrafted:bamboo_fancy_bed":8,"minecraft:stone_brick_wall":6,"biomesoplenty:wildflower":16,"minecraft:deepslate_brick_stairs":771,"alexsmobs:spawn_egg_kangaroo":1,"luphieclutteredmod:luphie_polaroid_camera":4,"minecraft:deepslate_tile_wall":141,"biomesoplenty:umbran_planks":196,"alexsmobs:spawn_egg_rocky_roller":1,"luphieclutteredmod:luphie_jam_jar_pyramid":1,"minecraft:diamond_shovel":51,"alexsmobs:spawn_egg_alligator_snapping_turtle":1,"minecraft:birch_slab":41,"luphieclutteredmod:luphie_lunar_observatory_globe":2,"alexsmobs:spawn_egg_cosmaw":1,"biomesoplenty:smooth_black_sandstone":126,"luphieclutteredmod:luphie_empty_small_jars":1,"cfm:oak_upgraded_fence":2,"biomesoplenty:black_sandstone_stairs":133,"minecraft:spruce_trapdoor":8,"biomesoplenty:snowblossom_leaves":200,"luphieclutteredmod:luphie_flowering_purple_planks":17,"fantasyfurniture:venthyr/table_wide_fancy":3,"tombstone:white_marble_stairs":86,"alexsmobs:spawn_egg_flutter":1,"luphieclutteredmod:luphie_berry_cake":3,"luphieclutteredmod:luphie_purple_planks":99,"biomesoplenty:umbran_slab":20,"alexsmobs:spawn_egg_frilled_shark":2,"luphieclutteredmod:luphie_sweetheart_kitchen_table":2,"minecraft:pink_petals":13,"minecraft:diamond_sword":3,"alexsmobs:spawn_egg_tarantula_hawk":1,"luphieclutteredmod:luphie_flowering_purple_wood":1,"mca:cross_headstone":1,"alexsmobs:spawn_egg_void_worm":2,"luphieclutteredmod:luphie_nightstand":4,"luphieclutteredmod:blue_bicycle":4,"minecraft:white_banner":3,"minecraft:dark_oak_fence":228,"minecraft:glass_pane":238,"luphieclutteredmod:luphie_glowshroom_door":6,"biomesoplenty:fir_log":89,"biomesoplenty:orange_autumn_leaves":29,"minecraft:white_concrete":1598,"biomesoplenty:jacaranda_leaves":23,"luphieclutteredmod:luphie_apple_chair":1,"cfm:stripped_oak_upgraded_gate":3,"minecraft:smooth_stone":1,"minecraft:bone_meal":57,"minecraft:diorite_slab":255},"minecraft:killed":{"alexsmobs:farseer":1,"alexsmobs:bone_serpent":1,"alexsmobs:dropbear":1,"alexsmobs:hummingbird":1,"alexsmobs:mimic_octopus":1,"alexsmobs:lobster":1,"alexsmobs:blobfish":4,"alexsmobs:anaconda":1,"alexsmobs:cosmic_cod":1,"alexsmobs:tiger":1,"minecraft:spider":1,"alexsmobs:snow_leopard":1,"alexsmobs:cosmaw":1,"alexsmobs:enderiophage":1,"alexsmobs:murmur":1,"alexsmobs:tasmanian_devil":1,"alexsmobs:seagull":2,"alexsmobs:bald_eagle":1,"alexsmobs:rattlesnake":1,"alexsmobs:gorilla":1,"alexsmobs:alligator_snapping_turtle":2,"alexsmobs:orca":2,"alexsmobs:leafcutter_ant":2,"alexsmobs:warped_mosco":2,"alexsmobs:straddler":1,"alexsmobs:laviathan":1,"alexsmobs:underminer":1,"alexsmobs:bison":1,"alexsmobs:centipede_head":1,"alexsmobs:hammerhead_shark":1,"alexsmobs:tusklin":1,"alexsmobs:skreecher":1,"alexsmobs:frilled_shark":2,"alexsmobs:flying_fish":1,"alexsmobs:kangaroo":1,"alexsmobs:rocky_roller":1,"minecraft:cat":1,"alexsmobs:anteater":1,"alexsmobs:skunk":1,"alexsmobs:seal":1,"minecraft:iron_golem":1,"alexsmobs:stradpole":2,"alexsmobs:devils_hole_pupfish":1,"minecraft:creeper":2,"alexsmobs:emu":2,"alexsmobs:warped_toad":1,"alexsmobs:endergrade":1,"alexsmobs:giant_squid":1,"alexsmobs:gelada_monkey":1,"alexsmobs:flutter":2,"minecraft:zombie":1,"alexsmobs:crocodile":1,"alexsmobs:cockroach":3,"alexsmobs:terrapin":3,"alexsmobs:toucan":1,"alexsmobs:maned_wolf":1,"alexsmobs:gazelle":1,"alexsmobs:caiman":1,"alexsmobs:moose":2,"alexsmobs:roadrunner":1,"mca:male_villager":1,"alexsmobs:bunfungus":1,"alexsmobs:platypus":1,"alexsmobs:komodo_dragon":1,"alexsmobs:jerboa":1},"minecraft:picked_up":{"minecraft:wooden_axe":1,"alexsmobs:cosmic_cod":1,"alexsmobs:roadrunner_feather":1,"biomesoplenty:jacaranda_sapling":6,"alexsmobs:gazelle_horn":1,"wom:antitheus":2,"biomesoplenty:tall_lavender":1,"minecraft:blackstone":1,"alexsmobs:dropbear_claw":1,"minecraft:beef":7,"minecraft:rose_bush":2,"minecraft:sugar_cane":8,"minecraft:egg":2,"minecraft:stick":3,"minecraft:oak_door":2,"alexsmobs:warped_muscle":2,"alexsmobs:hemolymph_sac":10,"minecraft:porkchop":4,"tombstone:grave_dust":1,"minecraft:arrow":2,"alexsmobs:capsid":1,"alexsmobs:ghostly_pickaxe":2,"minecraft:mutton":1,"alexsmobs:flying_fish":1,"minecraft:white_wool":1,"alexsmobs:kangaroo_meat":1,"biomesoplenty:lavender":1,"minecraft:feather":3,"minecraft:basalt":1,"minecraft:red_mushroom":2,"alexsmobs:skreecher_soul":1,"alexsmobs:bison_fur":1,"minecraft:tuff":1,"minecraft:gunpowder":2,"alexsmobs:rocky_shell":1,"minecraft:bone":16,"minecraft:wheat_seeds":3,"alexsmobs:cockroach_wing_fragment":1,"minecraft:spore_blossom":1,"minecraft:iron_ingot":5,"alexsmobs:blobfish":6,"alexsmobs:spawn_egg_gelada_monkey":1,"alexsmobs:crocodile_egg":1,"minecraft:ink_sac":7,"alexsmobs:novelty_hat":2,"minecraft:spider_eye":1,"alexsmobs:rainbow_jelly":2,"alexsmobs:rattlesnake_rattle":1,"minecraft:white_concrete":1,"alexsmobs:moose_ribs":2,"luphieclutteredmod:luphie_glowshroom_door":2,"minecraft:chorus_fruit":1,"minecraft:coal":6},"minecraft:dropped":{"minecraft:white_concrete":1,"minecraft:wooden_axe":2,"minecraft:cherry_leaves":1,"alexsmobs:ghostly_pickaxe":2,"wom:antitheus":3,"minecraft:ladder":64,"cfm:fridge_light":1},"minecraft:custom":{"minecraft:mob_kills":87,"minecraft:open_barrel":35,"minecraft:bell_ring":1,"minecraft:leave_game":14,"minecraft:time_since_death":517634,"minecraft:climb_one_cm":15362,"minecraft:sprint_one_cm":427869,"minecraft:walk_one_cm":820810,"minecraft:drop":11,"minecraft:damage_dealt_absorbed":4262,"minecraft:play_time":517634,"minecraft:sneak_time":23159,"minecraft:walk_under_water_one_cm":1712,"minecraft:jump":774,"minecraft:walk_on_water_one_cm":36435,"minecraft:total_world_time":522346,"minecraft:time_since_rest":517634,"minecraft:damage_dealt":18112,"minecraft:fly_one_cm":9628893,"minecraft:crouch_one_cm":91697,"tombstone:undead_killed":3,"tombstone:villager_killed":1}},"DataVersion":3465}