{"stats":{"minecraft:dropped":{"minecraft:brown_mushroom":1,"minecraft:lapis_lazuli":71,"minecraft:oak_log":37,"minecraft:diamond":20,"minecraft:crafting_table":1,"minecraft:flint":1,"minecraft:emerald":9,"minecraft:dirt":76,"minecraft:bone_meal":20,"minecraft:iron_pickaxe":1,"minecraft:birch_log":17,"minecraft:bone":2,"minecraft:gravel":10,"minecraft:stone_axe":3,"minecraft:cobbled_deepslate":27,"minecraft:wheat":2,"minecraft:cherry_sapling":3,"minecraft:beetroot":1,"minecraft:rotten_flesh":22,"minecraft:oak_planks":7,"minecraft:cooked_mutton":15,"minecraft:carrot":4,"minecraft:gunpowder":1,"minecraft:beetroot_seeds":7,"minecraft:ladder":1,"minecraft:arrow":1,"minecraft:water_bucket":2,"minecraft:enchanted_book":3,"minecraft:oak_slab":2,"minecraft:wheat_seeds":24,"minecraft:tnt":64,"minecraft:mossy_cobblestone":1,"minecraft:iron_helmet":1,"minecraft:cobblestone":257,"minecraft:apple":4,"minecraft:granite":6,"minecraft:stick":6,"minecraft:milk_bucket":2,"minecraft:torch":118,"minecraft:cherry_planks":2,"minecraft:iron_leggings":1,"minecraft:armadillo_scute":5,"minecraft:string":11,"minecraft:dandelion":2,"minecraft:stone_sword":2,"minecraft:tuff":19,"minecraft:composter":1,"minecraft:stone_shovel":2,"minecraft:light_gray_wool":1,"minecraft:iron_boots":1,"minecraft:wolf_armor":3,"minecraft:shield":1,"minecraft:peony":4,"minecraft:diamond_pickaxe":2,"minecraft:iron_chestplate":1,"minecraft:oak_boat":3,"minecraft:oak_sapling":13,"minecraft:spider_eye":10,"minecraft:bow":2,"minecraft:stone_pickaxe":2},"minecraft:killed_by":{"minecraft:magma_cube":1,"minecraft:zombie":4,"minecraft:player":5,"minecraft:spider":2,"minecraft:enderman":1,"minecraft:warden":11,"minecraft:skeleton":3},"minecraft:crafted":{"minecraft:grindstone":1,"minecraft:smooth_stone":30,"minecraft:oak_planks":1122,"minecraft:oak_sign":3,"minecraft:pink_bed":1,"minecraft:cooked_chicken":7,"minecraft:wolf_armor":5,"minecraft:stone":129,"minecraft:bookshelf":5,"minecraft:cooked_mutton":20,"minecraft:glass":41,"minecraft:iron_boots":2,"minecraft:bow":2,"minecraft:chest":8,"minecraft:magenta_dye":2,"minecraft:stone_bricks":64,"minecraft:smoker":8,"minecraft:oak_slab":258,"minecraft:arrow":4,"minecraft:emerald":56,"minecraft:cooked_porkchop":39,"minecraft:crafting_table":19,"minecraft:wooden_pickaxe":1,"minecraft:iron_helmet":2,"minecraft:fletching_table":4,"minecraft:birch_planks":124,"minecraft:painting":1,"minecraft:lectern":4,"minecraft:yellow_dye":1,"minecraft:iron_chestplate":2,"minecraft:book":12,"minecraft:paper":36,"minecraft:diamond_pickaxe":1,"minecraft:shield":2,"minecraft:stick":1328,"minecraft:stone_slab":6,"minecraft:iron_ingot":132,"minecraft:iron_pickaxe":2,"minecraft:iron_block":3,"minecraft:stone_sword":1,"minecraft:cherry_planks":56,"minecraft:stone_shovel":5,"minecraft:raw_iron":18,"minecraft:furnace":22,"minecraft:blast_furnace":3,"minecraft:bone_meal":63,"minecraft:pink_dye":2,"minecraft:glass_pane":16,"minecraft:flint_and_steel":1,"minecraft:iron_axe":3,"minecraft:ladder":15,"minecraft:stone_pickaxe":3,"minecraft:enchanting_table":1,"minecraft:iron_sword":1,"minecraft:cooked_salmon":19,"minecraft:bucket":2,"minecraft:stone_axe":5,"minecraft:enchanted_book":3,"minecraft:air":0,"minecraft:oak_boat":14,"minecraft:wooden_axe":1,"minecraft:iron_shovel":1,"minecraft:iron_leggings":2,"minecraft:anvil":1,"minecraft:white_bed":1,"minecraft:torch":168},"minecraft:killed":{"minecraft:spider":19,"minecraft:skeleton":25,"minecraft:chicken":12,"minecraft:magma_cube":11,"minecraft:pig":2,"minecraft:salmon":7,"minecraft:iron_golem":1,"minecraft:creeper":3,"minecraft:sheep":9,"minecraft:trader_llama":2,"minecraft:pillager":1,"minecraft:zombie":48,"minecraft:cow":10,"minecraft:armadillo":1,"minecraft:slime":1,"minecraft:horse":2,"minecraft:drowned":1,"minecraft:wandering_trader":1,"minecraft:villager":9,"minecraft:enderman":5},"minecraft:mined":{"minecraft:white_bed":3,"minecraft:farmland":1,"minecraft:cherry_log":42,"minecraft:sculk_vein":2,"minecraft:obsidian":22,"minecraft:granite":13,"minecraft:grass_block":317,"minecraft:deepslate_bricks":3,"minecraft:composter":5,"minecraft:smooth_stone":3,"minecraft:tall_seagrass":25,"minecraft:magma_block":2,"minecraft:raw_iron_block":2,"minecraft:sculk_catalyst":2,"minecraft:fire":1,"minecraft:iron_ore":4,"minecraft:cobbled_deepslate":3,"minecraft:anvil":1,"minecraft:fletching_table":5,"minecraft:deepslate_lapis_ore":2,"minecraft:sculk_shrieker":3,"minecraft:oak_sign":1,"minecraft:dirt_path":18,"minecraft:oak_stairs":1,"minecraft:deepslate_redstone_ore":10,"minecraft:kelp_plant":4,"minecraft:smoker":1,"minecraft:soul_fire":27,"minecraft:soul_lantern":5,"minecraft:torch":2,"minecraft:blast_furnace":14,"minecraft:poppy":4,"minecraft:chest":4,"minecraft:nether_quartz_ore":3,"minecraft:cobblestone":10,"minecraft:sugar_cane":37,"minecraft:grindstone":2,"minecraft:oak_planks":18,"minecraft:bricks":1,"minecraft:wall_torch":4,"minecraft:pink_petals":2,"minecraft:seagrass":22,"minecraft:white_terracotta":2,"minecraft:birch_log":47,"minecraft:wheat":26,"minecraft:lilac":5,"minecraft:black_bed":2,"minecraft:oak_log":441,"minecraft:beetroots":3,"minecraft:sand":117,"minecraft:dirt":301,"minecraft:stonecutter":1,"minecraft:netherrack":3,"minecraft:oak_leaves":139,"minecraft:deepslate":149,"minecraft:nether_gold_ore":5,"minecraft:tuff":22,"minecraft:mossy_cobblestone":1,"minecraft:deepslate_diamond_ore":3,"minecraft:stripped_cherry_log":1,"minecraft:sea_lantern":1,"minecraft:ladder":13,"minecraft:kelp":10,"minecraft:cartography_table":1,"minecraft:sandstone":5,"minecraft:hay_block":29,"minecraft:furnace":24,"minecraft:carrots":20,"minecraft:andesite":13,"minecraft:peony":24,"minecraft:bell":1,"minecraft:potatoes":8,"minecraft:deepslate_iron_ore":47,"minecraft:stone":698,"minecraft:bone_block":17,"minecraft:oak_slab":95,"minecraft:glass_pane":5,"minecraft:cherry_planks":4,"minecraft:dandelion":1,"minecraft:oak_fence":1,"minecraft:crafting_table":16,"minecraft:short_grass":355,"minecraft:rose_bush":5,"minecraft:lectern":35,"minecraft:sculk_sensor":7,"minecraft:tall_grass":35,"minecraft:copper_ore":9,"minecraft:lapis_ore":3,"minecraft:deepslate_gold_ore":26,"minecraft:cracked_deepslate_bricks":3,"minecraft:sculk":32,"minecraft:diorite":1,"minecraft:gray_wool":1,"minecraft:birch_leaves":5,"minecraft:yellow_bed":5,"minecraft:coal_ore":40,"minecraft:cherry_leaves":74,"minecraft:sunflower":1,"minecraft:gravel":161,"minecraft:stone_bricks":10},"minecraft:picked_up":{"minecraft:wheat":4,"minecraft:anvil":1,"minecraft:lead":2,"minecraft:oak_stairs":1,"minecraft:enchanted_book":2,"minecraft:string":31,"minecraft:raw_copper":24,"minecraft:oak_sign":1,"minecraft:beetroot":1,"minecraft:cobbled_deepslate":155,"minecraft:gold_nugget":4,"minecraft:smooth_stone":3,"minecraft:bucket":1,"minecraft:rose_bush":2,"minecraft:furnace":24,"minecraft:stick":303,"minecraft:composter":2,"minecraft:oak_fence":1,"minecraft:torch":77,"minecraft:porkchop":5,"minecraft:cherry_log":34,"minecraft:stone_sword":1,"minecraft:rotten_flesh":50,"minecraft:armadillo_scute":12,"minecraft:obsidian":22,"minecraft:cobblestone":801,"minecraft:birch_log":48,"minecraft:pink_petals":60,"minecraft:magma_block":2,"minecraft:feather":16,"minecraft:lilac":5,"minecraft:magma_cream":1,"minecraft:cherry_planks":5,"minecraft:water_bucket":1,"minecraft:andesite":17,"minecraft:black_bed":2,"minecraft:smoker":1,"minecraft:potato":8,"minecraft:flint":11,"minecraft:tuff":35,"minecraft:dirt":640,"minecraft:lapis_lazuli":54,"minecraft:bone":20,"minecraft:stonecutter":1,"minecraft:bow":2,"minecraft:wheat_seeds":81,"minecraft:raw_gold":26,"minecraft:bell":1,"minecraft:grindstone":2,"minecraft:fletching_table":4,"minecraft:oak_planks":694,"minecraft:sand":110,"minecraft:grass_block":2,"minecraft:mossy_cobblestone":1,"minecraft:diamond":53,"minecraft:soul_lantern":6,"minecraft:granite":13,"minecraft:bone_meal":21,"minecraft:emerald":6,"minecraft:oak_sapling":41,"minecraft:bricks":1,"minecraft:diamond_pickaxe":2,"minecraft:crafting_table":13,"minecraft:chicken":11,"minecraft:ladder":14,"minecraft:brown_mushroom":1,"minecraft:wooden_pickaxe":1,"minecraft:stripped_cherry_log":1,"minecraft:diamond_horse_armor":1,"minecraft:cartography_table":1,"minecraft:candle":2,"minecraft:beef":20,"minecraft:oak_boat":35,"minecraft:poppy":4,"minecraft:light_gray_wool":1,"minecraft:lectern":35,"minecraft:chest":4,"minecraft:sugar_cane":73,"minecraft:birch_sapling":6,"minecraft:egg":3,"minecraft:raw_iron":170,"minecraft:sandstone":5,"minecraft:stone":3,"minecraft:carrot":30,"minecraft:redstone":44,"minecraft:prismarine_crystals":2,"minecraft:tnt":26,"minecraft:arrow":19,"minecraft:beetroot_seeds":7,"minecraft:peony":19,"minecraft:deepslate_bricks":3,"minecraft:hay_block":29,"minecraft:cracked_deepslate_bricks":3,"minecraft:mutton":13,"minecraft:bone_block":10,"minecraft:white_wool":8,"minecraft:salmon":5,"minecraft:leather":14,"minecraft:wolf_armor":1,"minecraft:oak_log":438,"minecraft:yellow_bed":5,"minecraft:gunpowder":3,"minecraft:cooked_mutton":8,"minecraft:apple":8,"minecraft:stone_bricks":10,"minecraft:kelp":51,"minecraft:iron_ingot":10,"minecraft:stone_pickaxe":2,"minecraft:oak_slab":96,"minecraft:milk_bucket":1,"minecraft:quartz":1,"minecraft:dandelion":3,"minecraft:raw_iron_block":2,"minecraft:gravel":147,"minecraft:blast_furnace":14,"minecraft:white_bed":2,"minecraft:spider_eye":7,"minecraft:stone_axe":3,"minecraft:painting":15,"minecraft:cherry_sapling":34,"minecraft:gray_wool":2,"minecraft:black_wool":2,"minecraft:coal":153,"minecraft:ender_pearl":2},"minecraft:custom":{"minecraft:interact_with_crafting_table":151,"minecraft:leave_game":7,"minecraft:time_since_death":23945,"minecraft:sprint_one_cm":1348763,"minecraft:damage_blocked_by_shield":1944,"minecraft:drop":126,"minecraft:talked_to_villager":101,"minecraft:play_time":625236,"minecraft:deaths":46,"minecraft:jump":9494,"minecraft:walk_on_water_one_cm":128362,"minecraft:enchant_item":9,"minecraft:interact_with_furnace":145,"minecraft:traded_with_villager":59,"minecraft:interact_with_cartography_table":1,"minecraft:sleep_in_bed":10,"minecraft:damage_dealt":24674,"minecraft:player_kills":4,"minecraft:crouch_one_cm":99509,"minecraft:interact_with_smoker":8,"minecraft:horse_one_cm":304,"minecraft:mob_kills":171,"minecraft:interact_with_anvil":5,"minecraft:climb_one_cm":53684,"minecraft:walk_one_cm":1489535,"minecraft:sneak_time":32549,"minecraft:walk_under_water_one_cm":57495,"minecraft:boat_one_cm":980826,"minecraft:interact_with_blast_furnace":60,"minecraft:total_world_time":625236,"minecraft:interact_with_grindstone":8,"minecraft:time_since_rest":23969,"minecraft:damage_taken":14679,"minecraft:swim_one_cm":202503,"minecraft:fly_one_cm":2215728,"minecraft:open_chest":439,"minecraft:fall_one_cm":252927},"minecraft:broken":{"minecraft:iron_shovel":1,"minecraft:iron_boots":1,"minecraft:iron_chestplate":1,"minecraft:iron_leggings":1,"minecraft:stone_pickaxe":2,"minecraft:stone_axe":5,"minecraft:stone_shovel":3,"minecraft:iron_axe":2,"minecraft:iron_helmet":1},"minecraft:used":{"minecraft:cherry_sapling":11,"minecraft:iron_shovel":253,"minecraft:oak_sign":1,"minecraft:ladder":23,"minecraft:chest":10,"minecraft:shield":55,"minecraft:stone":11,"minecraft:iron_sword":103,"minecraft:mutton":4,"minecraft:carrot":10,"minecraft:milk_bucket":2,"minecraft:obsidian":10,"minecraft:lava_bucket":5,"minecraft:villager_spawn_egg":10,"minecraft:grass_block":3,"minecraft:birch_sapling":1,"minecraft:stone_bricks":74,"minecraft:magma_block":1,"minecraft:bow":220,"minecraft:oak_sapling":5,"minecraft:furnace":28,"minecraft:egg":1,"minecraft:stone_pickaxe":220,"minecraft:oak_planks":196,"minecraft:wooden_pickaxe":19,"minecraft:sandstone":5,"minecraft:sugar_cane":3,"minecraft:sand":16,"minecraft:blast_furnace":17,"minecraft:black_bed":3,"minecraft:bread":2,"minecraft:lectern":39,"minecraft:gravel":107,"minecraft:soul_lantern":8,"minecraft:grindstone":3,"minecraft:andesite":9,"minecraft:oak_boat":42,"minecraft:bone_meal":46,"minecraft:oak_fence":1,"minecraft:enchanting_table":1,"minecraft:stone_sword":25,"minecraft:flint_and_steel":16,"minecraft:cracked_deepslate_bricks":1,"minecraft:stone_shovel":606,"minecraft:cooked_salmon":19,"minecraft:cooked_chicken":7,"minecraft:torch":115,"minecraft:dirt":240,"minecraft:anvil":2,"minecraft:cod_bucket":1,"minecraft:salmon_bucket":1,"minecraft:granite":1,"minecraft:wooden_axe":14,"minecraft:iron_axe":694,"minecraft:beef":3,"minecraft:cobbled_deepslate":26,"minecraft:cherry_log":5,"minecraft:cooked_mutton":13,"minecraft:water_bucket":47,"minecraft:cherry_planks":61,"minecraft:fletching_table":7,"minecraft:tnt":14,"minecraft:oak_slab":316,"minecraft:crafting_table":29,"minecraft:white_bed":1,"minecraft:painting":16,"minecraft:smoker":9,"minecraft:oak_log":15,"minecraft:diamond_pickaxe":926,"minecraft:apple":21,"minecraft:chicken":1,"minecraft:iron_pickaxe":113,"minecraft:stone_axe":380,"minecraft:pink_petals":58,"minecraft:pink_bed":1,"minecraft:fishing_rod":1,"minecraft:cobblestone":17,"minecraft:cooked_porkchop":15,"minecraft:bucket":56,"minecraft:glass_pane":15,"minecraft:kelp":18,"minecraft:smooth_stone":18,"minecraft:candle":2}},"DataVersion":3839}