{"stats":{"minecraft:dropped":{"minecraft:porkchop":12,"minecraft:cookie":6,"minecraft:cherry_leaves":1,"minecraft:bone_meal":1,"biomesoplenty:burning_blossom":4,"alexsmobs:sopa_de_macaco":3,"minecolonies:scepterlumberjack":1,"minecraft:cooked_chicken":64,"minecraft:birch_sapling":1,"minecraft:rotten_flesh":8,"minecolonies:pirate_shoes":3,"pamhc2foodextended:spagettiandmeatballsitem":1,"mca:villager_editor":3,"minecraft:chainmail_boots":1,"minecraft:ladder":64,"minecolonies:pirate_cap":4,"mca:whistle":1,"structurize:sceptergold":3,"minecolonies:pirate_legs":3,"minecraft:lava_bucket":1,"minecraft:wooden_axe":5,"minecraft:white_concrete":1,"alexsmobs:ghostly_pickaxe":2,"minecraft:iron_shovel":2,"minecolonies:pirate_chest":3,"minecraft:netherite_ingot":1,"minecraft:bowl":3,"minecraft:chicken":3,"mca:potion_of_feminity":1,"alexsmobs:novelty_hat":3,"cfm:fridge_light":1},"minecraft:killed":{"alexsmobs:hummingbird":1,"alexsmobs:lobster":1,"alexsmobs:anaconda":1,"alexsmobs:cosmic_cod":1,"minecraft:spider":1,"alexsmobs:snow_leopard":1,"alexsmobs:enderiophage":1,"alexsmobs:murmur":1,"alexsmobs:bald_eagle":1,"alexsmobs:alligator_snapping_turtle":3,"alexsmobs:orca":2,"alexsmobs:banana_slug":1,"alexsmobs:leafcutter_ant":2,"alexsmobs:warped_mosco":2,"alexsmobs:straddler":1,"alexsmobs:laviathan":1,"alexsmobs:centipede_head":1,"alexsmobs:hammerhead_shark":1,"alexsmobs:kangaroo":1,"minecraft:cat":1,"minecolonies:archerbarbarian":1,"minecraft:pig":1,"alexsmobs:anteater":1,"naturalist:snake":1,"alexsmobs:seal":1,"minecraft:iron_golem":1,"alexsmobs:stradpole":2,"minecolonies:mercenary":1,"minecraft:creeper":2,"alexsmobs:warped_toad":1,"alexsmobs:endergrade":1,"minecraft:trader_llama":1,"alexsmobs:flutter":2,"minecraft:zombie":4,"alexsmobs:terrapin":3,"alexsmobs:toucan":1,"alexsmobs:maned_wolf":1,"alexsmobs:roadrunner":1,"mca:male_villager":5,"alexsmobs:komodo_dragon":1,"alexsmobs:jerboa":1,"alexsmobs:farseer":1,"alexsmobs:bone_serpent":1,"mca:female_zombie_villager":1,"alexsmobs:dropbear":1,"alexsmobs:mimic_octopus":1,"alexsmobs:blobfish":4,"minecolonies:chiefbarbarian":1,"alexsmobs:tiger":1,"alexsmobs:cosmaw":1,"alexsmobs:tasmanian_devil":2,"alexsmobs:seagull":2,"alexsmobs:rattlesnake":1,"alexsmobs:gorilla":1,"alexsmobs:bison":1,"alexsmobs:underminer":1,"alexsmobs:tusklin":1,"alexsmobs:skreecher":1,"alexsmobs:frilled_shark":2,"alexsmobs:flying_fish":1,"alexsmobs:rocky_roller":1,"alexsmobs:skunk":2,"alexsmobs:devils_hole_pupfish":1,"alexsmobs:emu":2,"alexsmobs:giant_squid":1,"alexsmobs:gelada_monkey":1,"alexsmobs:cockroach":3,"alexsmobs:crocodile":1,"alexsmobs:gazelle":1,"alexsmobs:caiman":1,"alexsmobs:moose":2,"alexsmobs:bunfungus":1,"alexsmobs:platypus":1},"minecraft:custom":{"minecraft:open_barrel":35,"minecraft:bell_ring":1,"minecraft:leave_game":30,"minecraft:time_since_death":1517192,"minecraft:sprint_one_cm":806368,"minecraft:drop":92,"minecraft:talked_to_villager":3,"minecraft:play_time":1517192,"minecraft:jump":2478,"minecraft:walk_on_water_one_cm":47883,"minecraft:sleep_in_bed":4,"minecraft:damage_dealt":21170,"minecraft:crouch_one_cm":152086,"tombstone:undead_killed":4,"tombstone:villager_killed":4,"minecraft:mob_kills":114,"minecraft:interact_with_anvil":1,"minecraft:fill_cauldron":1,"minecraft:climb_one_cm":23429,"minecraft:walk_one_cm":1500738,"minecraft:damage_dealt_absorbed":4262,"minecraft:sneak_time":63516,"minecraft:walk_under_water_one_cm":24145,"minecraft:total_world_time":1521904,"minecraft:time_since_rest":16655,"minecraft:trigger_trapped_chest":1,"minecraft:swim_one_cm":5405,"minecraft:fly_one_cm":21909200,"minecraft:open_chest":1},"minecraft:picked_up":{"minecraft:wooden_axe":4,"alexsmobs:cosmic_cod":1,"biomesoplenty:burning_blossom":3,"minecraft:chainmail_boots":1,"minecraft:lead":1,"minecolonies:pirate_chest":2,"alexsmobs:gazelle_horn":1,"biomesoplenty:tall_lavender":1,"alexsmobs:dropbear_claw":1,"mca:engagement_ring":1,"alexsmobs:banana":9,"minecraft:rose_bush":2,"minecraft:azalea_leaves":1,"mca:wedding_ring":1,"minecraft:dark_oak_door":1,"minecraft:stick":3,"minecraft:torch":5,"alexsmobs:hemolymph_sac":10,"doggytalents:sausage":8,"minecraft:porkchop":16,"minecolonies:scepterlumberjack":1,"domum_ornamentum:fancy_door":1,"minecraft:rotten_flesh":13,"alexsmobs:capsid":1,"minecraft:iron_block":4,"minecolonies:pirate_legs":2,"biomesoplenty:white_petals":8,"alexsmobs:flying_fish":1,"minecraft:cobblestone":1,"biomesoplenty:lavender":1,"minecraft:feather":3,"alexsmobs:bison_fur":1,"minecraft:tuff":1,"minecolonies:blockhutbuilder":7,"alexsmobs:rocky_shell":1,"minecraft:dirt":30,"minecraft:lantern":26,"minecraft:bone":17,"minecraft:wheat_seeds":4,"alexsmobs:blobfish":6,"mca:wedding_ring_rg":1,"mca:matchmakers_ring":1,"doggytalents:training_treat":7,"alexsmobs:crocodile_egg":1,"minecolonies:blockhutlibrary":1,"minecraft:ink_sac":7,"alexsmobs:novelty_hat":5,"alexsmobs:rattlesnake_rattle":1,"minecraft:bone_meal":1,"minecraft:white_concrete":1,"alexsmobs:moose_ribs":3,"luphieclutteredmod:luphie_glowshroom_door":2,"minecraft:chorus_fruit":1,"minecolonies:blockhuttownhall":1,"minecraft:azure_bluet":1,"minecraft:chicken":3,"alexsmobs:roadrunner_feather":1,"biomesoplenty:jacaranda_sapling":6,"minecolonies:pirate_cap":3,"minecraft:item_frame":39,"minecraft:iron_shovel":1,"minecraft:blackstone":1,"minecolonies:scroll_highlight":1,"minecraft:beef":7,"minecraft:sugar_cane":8,"minecraft:birch_sapling":3,"doggytalents:throw_stick_wet":1,"minecraft:egg":2,"alexsmobs:warped_muscle":2,"minecraft:oak_door":4,"minecraft:glow_item_frame":2,"minecraft:bowl":3,"structurize:sceptergold":2,"minecraft:cookie":3,"biomesoplenty:blue_hydrangea":1,"minecraft:arrow":4,"alexsmobs:ghostly_pickaxe":2,"minecraft:mutton":1,"minecraft:white_wool":1,"alexsmobs:kangaroo_meat":1,"minecraft:oxeye_daisy":1,"alexsmobs:sopa_de_macaco":2,"minecraft:basalt":1,"minecraft:leather":1,"minecolonies:blockhutcombatacademy":1,"minecraft:red_mushroom":2,"alexsmobs:skreecher_soul":1,"doggytalents:rice_grains":1,"minecraft:gunpowder":2,"minecraft:blue_bed":1,"alexsmobs:cockroach_wing_fragment":1,"minecraft:spore_blossom":1,"minecraft:iron_ingot":5,"mca:villager_editor":1,"minecraft:iron_sword":32,"alexsmobs:spawn_egg_gelada_monkey":1,"mca:engagement_ring_rg":1,"minecolonies:colony_banner":4,"minecraft:dandelion":1,"minecolonies:pirate_shoes":2,"minecraft:white_bed":2,"minecraft:spider_eye":1,"alexsmobs:rainbow_jelly":2,"minecraft:coal":6,"minecolonies:supplycampdeployer":1},"minecraft:used":{"biomesoplenty:willow_vine":11,"cfm:oak_mail_box":1,"minecraft:writable_book":3,"alexsmobs:spawn_egg_anteater":1,"minecraft:iron_shovel":498,"luphieclutteredmod:luphie_purple_plank_set_stairs":15,"alexsmobs:sopa_de_macaco":1,"minecraft:ladder":3,"minecraft:oak_sign":2,"minecraft:white_concrete_powder":369,"minecraft:stone":20,"minecraft:bell":1,"luphieclutteredmod:luphie_purple_plank_set_slab":91,"luphieclutteredmod:luphie_yellow_sink_counter":2,"luphieclutteredmod:luphie_wood_endtable":2,"alexsmobs:spawn_egg_laviathan":1,"biomesoplenty:chiseled_white_sandstone":1,"mca:female_zombie_villager_spawn_egg":1,"minecraft:birch_pressure_plate":12,"biomesoplenty:umbran_log":83,"luphieclutteredmod:luphie_yellow_mini_cabinet":4,"luphieclutteredmod:luphie_yellow_slab":1,"luphieclutteredmod:luphie_pastel_table":1,"luphieclutteredmod:luphie_pink_mini_cabinet":1,"biomesoplenty:palm_sapling":2,"mcwfurnitures:stripped_spruce_modern_chair":1,"alexsmobs:spawn_egg_platypus":1,"minecraft:cyan_terracotta":31,"minecraft:lava_bucket":3,"minecraft:quartz_pillar":46,"minecraft:quartz_slab":90,"fantasyfurniture:nordic/bookshelf":5,"minecraft:grass_block":1048,"luphieclutteredmod:luphie_polaroid_garland_b":2,"minecraft:birch_sapling":3,"minecraft:quartz_block":42,"minecraft:polished_andesite_stairs":172,"minecolonies:scroll_highlight":69,"luphieclutteredmod:luphie_mini_cactus_set":1,"minecraft:gray_concrete_powder":233,"minecraft:dark_oak_slab":201,"luphieclutteredmod:luphie_antique_lamp":4,"minecolonies:blockconstructiontape":15,"minecraft:cherry_leaves":30,"alexsmobs:spawn_egg_tusklin":1,"alexsmobs:spawn_egg_cachalot_whale":1,"minecraft:stone_bricks":1,"luphieclutteredmod:luphie_green_planks":1,"minecraft:bedrock":129,"alexsmobs:spawn_egg_stradpole":2,"biomesoplenty:jacaranda_sapling":2,"minecraft:red_carpet":3,"fantasyfurniture:nordic/chandelier":3,"alexsmobs:spawn_egg_emu":2,"luphieclutteredmod:small_shelf":8,"minecraft:oak_sapling":2,"alexsmobs:spawn_egg_tasmanian_devil":1,"alexsmobs:spawn_egg_seagull":2,"luphieclutteredmod:luphie_yellow_left_outer_corner_counter":9,"naturalist:teddy_bear":2,"minecraft:polished_diorite_stairs":17,"minecraft:egg":4,"immersive_aircraft:biplane":7,"luphieclutteredmod:luphie_black_cat_garland":19,"minecraft:dark_oak_stairs":592,"minecraft:end_rod":1,"biomesoplenty:umbran_stairs":39,"minecraft:oak_planks":8,"biomesoplenty:fir_planks":2,"alexsmobs:spawn_egg_anaconda":1,"luphieclutteredmod:luphie_worn_dorado_cabinet":4,"biomesoplenty:glowflower":14,"alexsmobs:spawn_egg_straddler":1,"mcwholidays:colorful_decorated_christmas_tree_middle":3,"mcwbridges:balustrade_stone_bricks_bridge":21,"cfm:stripped_birch_blinds":8,"alexsmobs:spawn_egg_mimic_octopus":1,"alexsmobs:spawn_egg_dropbear":1,"mca:female_villager_spawn_egg":19,"biomesoplenty:black_sandstone_slab":35,"biomesoplenty:mahogany_door":2,"biomesoplenty:dead_planks":62,"alexsmobs:spawn_egg_guster":1,"minecolonies:scepterpermission":1,"minecraft:stone_brick_wall":6,"minecraft:ochre_froglight":1,"minecraft:lingering_potion":2,"minecraft:deepslate_brick_stairs":771,"luphieclutteredmod:luphie_polaroid_camera":4,"domum_ornamentum:fancy_light":7,"domum_ornamentum:blockpillar":20,"biomesoplenty:umbran_planks":196,"alexsmobs:spawn_egg_rocky_roller":1,"minecraft:birch_slab":41,"alexsmobs:spawn_egg_alligator_snapping_turtle":1,"alexsmobs:spawn_egg_cosmaw":1,"luphieclutteredmod:luphie_empty_small_jars":1,"cfm:oak_upgraded_fence":2,"minecraft:deepslate":1,"fantasyfurniture:venthyr/table_wide_fancy":3,"alexsmobs:spawn_egg_flutter":1,"luphieclutteredmod:luphie_berry_cake":3,"minecraft:polished_andesite_slab":174,"alexsmobs:spawn_egg_frilled_shark":2,"luphieclutteredmod:luphie_sweetheart_kitchen_table":2,"biomesoplenty:umbran_slab":20,"minecraft:diamond_sword":3,"mca:cross_headstone":1,"luphieclutteredmod:luphie_nightstand":4,"minecraft:dark_oak_fence":228,"cfm:dark_oak_chair":1,"luphieclutteredmod:luphie_glowshroom_door":6,"minecraft:white_concrete":1598,"domum_ornamentum:framed":1,"biomesoplenty:jacaranda_leaves":23,"minecraft:bone_meal":435,"minecraft:diorite_slab":255,"minecraft:netherite_sword":11,"minecraft:trident":24,"handcrafted:kitchen_hood":1,"handcrafted:fancy_painting":15,"minecraft:flint_and_steel":303,"minecraft:light_gray_carpet":18,"minecraft:spruce_planks":49,"alexsmobs:spawn_egg_enderiophage":1,"luphieclutteredmod:luphie_antique_library_books":1,"minecraft:wooden_shovel":59,"cfm:jungle_chair":7,"luphieclutteredmod:luphie_mushroom_chest":2,"minecraft:cooked_chicken":1,"minecraft:torch":8,"minecraft:dirt":91,"alexsmobs:spawn_egg_warped_mosco":1,"minecraft:spyglass":30,"minecraft:anvil":1,"minecraft:white_carpet":4,"alexsmobs:spawn_egg_flying_fish":1,"mcwholidays:colorful_decorated_christmas_tree_bottom":2,"minecraft:spruce_stairs":37,"luphieclutteredmod:luphie_mushroom_tv":14,"minecraft:glow_lichen":19,"biomesoplenty:jacaranda_slab":2,"minecraft:nether_brick_stairs":77,"biomesoplenty:maple_sapling":18,"biomesoplenty:black_sandstone":21,"alexsmobs:spawn_egg_terrapin":2,"luphieclutteredmod:luphie_flowering_purple_s_tairs":126,"luphieclutteredmod:luphie_nightstand_knick_knacks":2,"minecraft:dark_oak_planks":667,"luphieclutteredmod:luphie_black_cat_plant_pot":6,"minecraft:wooden_axe":34,"luphieclutteredmod:luphie_sewing_table":6,"luphieclutteredmod:luphie_light_gray_armchair":2,"mcwfurnitures:spruce_chair":5,"alexsmobs:spawn_egg_devils_hole_pupfish":1,"luphieclutteredmod:luphie_hanging_plant_b":10,"luphieclutteredmod:luphie_lunar_observatory_books":2,"alexsmobs:spawn_egg_snow_leopard":1,"biomesoplenty:smooth_white_sandstone":2,"luphieclutteredmod:luphie_flowering_yellow_door":4,"biomesoplenty:umbran_sapling":7,"biomesoplenty:jacaranda_stairs":89,"cfm:stripped_oak_upgraded_fence":2,"cfm:stripped_spruce_upgraded_fence":68,"cfm:fridge_light":1,"luphieclutteredmod:luphie_darkwood_southern_flair_decorative_shelves":8,"alexsmobs:novelty_hat":1,"fantasyfurniture:dunmer/wall_light":3,"biomesoplenty:dead_log":31,"mca:staff_of_life":2,"mcwwindows:oak_plank_window2":9,"biomesoplenty:burning_blossom":5,"mcwholidays:colorful_decorated_christmas_tree_top":5,"luphieclutteredmod:luphie_yellow_glass_cabinet":6,"luphieclutteredmod:luphie_antique_book_stand":1,"mca:male_villager_spawn_egg":22,"biomesoplenty:maple_leaves":11,"minecraft:water_bucket":44,"luphieclutteredmod:luphie_wedding_arch":8,"minecraft:dirt_path":1,"luphieclutteredmod:luphie_yellow_inner_corner_counter":4,"luphieclutteredmod:luphie_lunar_observatory_table":2,"minecraft:snow_block":32,"doggytalents:doggy_charm":3,"minecraft:birch_planks":38,"domum_ornamentum:shingle":32,"luphieclutteredmod:luphie_yellow_right_outer_corner_counter":2,"alexsmobs:spawn_egg_tiger":2,"alexsmobs:spawn_egg_toucan":1,"minecraft:cauldron":1,"luphieclutteredmod:luphie_yellow_planks":175,"alexsmobs:spawn_egg_bald_eagle":1,"minecraft:deepslate_bricks":72,"luphieclutteredmod:red_sand_seal_plush":4,"minecraft:stripped_dark_oak_log":1,"luphieclutteredmod:luphie_glowing_moon":4,"minecraft:campfire":1,"alexsmobs:spawn_egg_maned_wolf":1,"handcrafted:bamboo_fancy_bed":8,"biomesoplenty:wildflower":16,"biomesoplenty:orange_autumn_sapling":12,"biomesoplenty:magic_sapling":7,"alexsmobs:spawn_egg_kangaroo":1,"minecraft:deepslate_tile_wall":141,"luphieclutteredmod:luphie_jam_jar_pyramid":1,"minecraft:diamond_shovel":51,"luphieclutteredmod:luphie_lunar_observatory_globe":2,"biomesoplenty:smooth_black_sandstone":126,"minecraft:map":5,"minecraft:netherite_axe":32,"biomesoplenty:black_sandstone_stairs":133,"minecraft:spruce_trapdoor":8,"biomesoplenty:snowblossom_leaves":200,"luphieclutteredmod:luphie_flowering_purple_planks":17,"minecraft:spruce_sapling":2,"luphieclutteredmod:luphie_purple_planks":99,"minecraft:pink_petals":13,"minecraft:cobblestone":1,"alexsmobs:spawn_egg_tarantula_hawk":1,"minecraft:azalea_leaves":1,"luphieclutteredmod:luphie_flowering_purple_wood":1,"minecraft:white_banner":3,"luphieclutteredmod:blue_bicycle":4,"alexsmobs:spawn_egg_void_worm":2,"minecraft:glass_pane":238,"mcwroofs:oak_attic_roof":5,"biomesoplenty:orange_autumn_leaves":29,"biomesoplenty:fir_log":89,"domum_ornamentum:panel":10,"luphieclutteredmod:luphie_apple_chair":1,"cfm:stripped_oak_upgraded_gate":3,"structurize:sceptergold":59,"minecraft:smooth_stone":3,"minecraft:splash_potion":24},"minecraft:mined":{"minecraft:grass_block":6,"minecraft:dirt":17}},"DataVersion":3465}