{"stats":{"minecraft:custom":{"minecraft:interact_with_crafting_table":163,"minecraft:leave_game":11,"minecraft:time_since_death":12703,"minecraft:sprint_one_cm":1838364,"minecraft:damage_blocked_by_shield":1944,"minecraft:drop":255,"minecraft:talked_to_villager":142,"minecraft:play_time":959728,"minecraft:deaths":96,"minecraft:jump":12824,"minecraft:walk_on_water_one_cm":161712,"minecraft:enchant_item":16,"minecraft:interact_with_furnace":149,"minecraft:traded_with_villager":59,"minecraft:interact_with_cartography_table":1,"minecraft:sleep_in_bed":11,"minecraft:damage_dealt":28263,"minecraft:player_kills":15,"minecraft:crouch_one_cm":122024,"minecraft:interact_with_smoker":8,"minecraft:horse_one_cm":1218,"minecraft:interact_with_smithing_table":4,"minecraft:mob_kills":272,"minecraft:interact_with_anvil":6,"minecraft:climb_one_cm":84506,"minecraft:walk_one_cm":2103315,"minecraft:sneak_time":40901,"minecraft:walk_under_water_one_cm":78780,"minecraft:boat_one_cm":1405249,"minecraft:interact_with_blast_furnace":127,"minecraft:total_world_time":959728,"minecraft:interact_with_grindstone":10,"minecraft:time_since_rest":12732,"minecraft:damage_taken":23690,"minecraft:swim_one_cm":214719,"minecraft:fly_one_cm":2897786,"minecraft:open_chest":518,"minecraft:fall_one_cm":349352},"minecraft:broken":{"minecraft:golden_helmet":1,"minecraft:iron_shovel":1,"minecraft:iron_boots":1,"minecraft:iron_chestplate":2,"minecraft:iron_leggings":1,"minecraft:stone_pickaxe":2,"minecraft:stone_axe":5,"minecraft:stone_shovel":3,"minecraft:iron_axe":3,"minecraft:iron_helmet":1},"minecraft:crafted":{"minecraft:grindstone":1,"minecraft:smooth_stone":30,"minecraft:oak_planks":1126,"minecraft:oak_sign":3,"minecraft:pink_bed":1,"minecraft:cooked_chicken":7,"minecraft:wolf_armor":5,"minecraft:stone":129,"minecraft:bookshelf":5,"minecraft:cooked_mutton":20,"minecraft:glass":41,"minecraft:bow":2,"minecraft:iron_boots":2,"minecraft:chest":8,"minecraft:magenta_dye":2,"minecraft:stone_bricks":64,"minecraft:smoker":8,"minecraft:oak_slab":258,"minecraft:arrow":4,"minecraft:emerald":56,"minecraft:cooked_porkchop":39,"minecraft:diamond_axe":1,"minecraft:crafting_table":20,"minecraft:wooden_pickaxe":1,"minecraft:iron_helmet":2,"minecraft:smithing_table":1,"minecraft:fletching_table":4,"minecraft:birch_planks":124,"minecraft:painting":1,"minecraft:lectern":4,"minecraft:iron_chestplate":2,"minecraft:book":12,"minecraft:paper":36,"minecraft:diamond_pickaxe":2,"minecraft:yellow_dye":1,"minecraft:shield":2,"minecraft:stick":1328,"minecraft:stone_slab":6,"minecraft:iron_ingot":135,"minecraft:iron_pickaxe":2,"minecraft:iron_block":3,"minecraft:stone_sword":1,"minecraft:gold_ingot":30,"minecraft:netherite_ingot":7,"minecraft:cherry_planks":56,"minecraft:raw_iron":18,"minecraft:stone_shovel":5,"minecraft:furnace":22,"minecraft:blast_furnace":3,"minecraft:bone_meal":63,"minecraft:pink_dye":2,"minecraft:glass_pane":16,"minecraft:flint_and_steel":2,"minecraft:iron_axe":3,"minecraft:ladder":15,"minecraft:stone_pickaxe":3,"minecraft:diamond_boots":1,"minecraft:netherite_scrap":29,"minecraft:diamond_sword":1,"minecraft:enchanting_table":1,"minecraft:iron_sword":1,"minecraft:cooked_salmon":19,"minecraft:bucket":2,"minecraft:stone_axe":5,"minecraft:enchanted_book":3,"minecraft:acacia_boat":1,"minecraft:air":0,"minecraft:oak_boat":14,"minecraft:wooden_axe":1,"minecraft:iron_shovel":1,"minecraft:iron_leggings":2,"minecraft:anvil":1,"minecraft:white_bed":1,"minecraft:acacia_planks":12,"minecraft:torch":168,"minecraft:diamond_chestplate":1},"minecraft:mined":{"minecraft:dark_oak_planks":1,"minecraft:white_bed":3,"minecraft:farmland":1,"minecraft:cherry_log":42,"minecraft:sculk_vein":2,"minecraft:brewing_stand":1,"minecraft:obsidian":22,"minecraft:granite":13,"minecraft:acacia_log":3,"minecraft:grass_block":343,"minecraft:deepslate_bricks":3,"minecraft:composter":6,"minecraft:smooth_stone":3,"minecraft:tall_seagrass":25,"minecraft:magma_block":21,"minecraft:raw_iron_block":2,"minecraft:sculk_catalyst":2,"minecraft:cobbled_deepslate":4,"minecraft:iron_ore":4,"minecraft:fire":24,"minecraft:fletching_table":5,"minecraft:deepslate_lapis_ore":2,"minecraft:anvil":1,"minecraft:sculk_shrieker":3,"minecraft:oak_sign":1,"minecraft:dirt_path":18,"minecraft:oak_stairs":1,"minecraft:deepslate_redstone_ore":10,"minecraft:cut_sandstone":1,"minecraft:blackstone":38,"minecraft:kelp_plant":4,"minecraft:smoker":1,"minecraft:soul_fire":27,"minecraft:soul_lantern":5,"minecraft:torch":2,"minecraft:blast_furnace":14,"minecraft:poppy":4,"minecraft:chest":4,"minecraft:nether_quartz_ore":59,"minecraft:cobblestone":11,"minecraft:oak_planks":18,"minecraft:grindstone":2,"minecraft:sugar_cane":37,"minecraft:bricks":1,"minecraft:wall_torch":6,"minecraft:pink_petals":2,"minecraft:seagrass":24,"minecraft:white_terracotta":2,"minecraft:birch_log":47,"minecraft:wheat":26,"minecraft:lilac":5,"minecraft:black_bed":2,"minecraft:oak_log":441,"minecraft:beetroots":3,"minecraft:dirt":304,"minecraft:sand":120,"minecraft:stonecutter":1,"minecraft:ancient_debris":30,"minecraft:netherrack":1570,"minecraft:oak_leaves":139,"minecraft:deepslate":149,"minecraft:nether_gold_ore":19,"minecraft:tuff":22,"minecraft:mossy_cobblestone":1,"minecraft:deepslate_diamond_ore":3,"minecraft:stripped_cherry_log":1,"minecraft:sea_lantern":1,"minecraft:ladder":13,"minecraft:kelp":10,"minecraft:cartography_table":1,"minecraft:sandstone":5,"minecraft:hay_block":29,"minecraft:furnace":24,"minecraft:carrots":20,"minecraft:andesite":13,"minecraft:peony":24,"minecraft:bell":1,"minecraft:potatoes":8,"minecraft:deepslate_iron_ore":47,"minecraft:stone":698,"minecraft:bone_block":17,"minecraft:oak_slab":112,"minecraft:glass_pane":5,"minecraft:cherry_planks":4,"minecraft:dandelion":1,"minecraft:oak_fence":1,"minecraft:crafting_table":16,"minecraft:short_grass":453,"minecraft:rose_bush":5,"minecraft:sculk_sensor":7,"minecraft:lectern":71,"minecraft:tall_grass":36,"minecraft:copper_ore":9,"minecraft:deepslate_gold_ore":26,"minecraft:lapis_ore":3,"minecraft:cracked_deepslate_bricks":3,"minecraft:sculk":32,"minecraft:diorite":1,"minecraft:gray_wool":1,"minecraft:birch_leaves":5,"minecraft:yellow_bed":5,"minecraft:coal_ore":40,"minecraft:cherry_leaves":74,"minecraft:sunflower":1,"minecraft:gravel":165,"minecraft:stone_bricks":10},"minecraft:killed_by":{"minecraft:zombified_piglin":6,"minecraft:creeper":1,"minecraft:drowned":1,"minecraft:magma_cube":1,"minecraft:zombie":5,"minecraft:player":15,"minecraft:spider":3,"minecraft:enderman":1,"minecraft:warden":12,"minecraft:skeleton":3},"minecraft:used":{"minecraft:cherry_sapling":11,"minecraft:iron_shovel":253,"minecraft:poppy":1,"minecraft:ladder":23,"minecraft:oak_sign":1,"minecraft:white_concrete_powder":2,"minecraft:chest":10,"minecraft:shield":55,"minecraft:stone":11,"minecraft:iron_sword":154,"minecraft:iron_chestplate":1,"minecraft:mutton":4,"minecraft:blue_stained_glass":1,"minecraft:orange_glazed_terracotta":1,"minecraft:carrot":10,"minecraft:milk_bucket":2,"minecraft:obsidian":11,"minecraft:lava_bucket":12,"minecraft:mangrove_log":1,"minecraft:coal_ore":1,"minecraft:villager_spawn_egg":10,"minecraft:deepslate_copper_ore":1,"minecraft:grass_block":3,"minecraft:birch_sapling":1,"minecraft:stone_bricks":75,"minecraft:deepslate_diamond_ore":1,"minecraft:magma_block":1,"minecraft:bow":552,"minecraft:furnace":28,"minecraft:oak_sapling":5,"minecraft:egg":1,"minecraft:mossy_stone_bricks":1,"minecraft:emerald_ore":1,"minecraft:birch_leaves":2,"minecraft:mangrove_planks":1,"minecraft:stone_pickaxe":220,"minecraft:oak_planks":196,"minecraft:blackstone":12,"minecraft:wooden_pickaxe":19,"minecraft:sandstone":5,"minecraft:sugar_cane":3,"minecraft:sand":17,"minecraft:light_blue_concrete":1,"minecraft:blast_furnace":17,"minecraft:black_bed":3,"minecraft:deepslate_lapis_ore":5,"minecraft:blue_glazed_terracotta":1,"minecraft:mangrove_door":14,"minecraft:dark_oak_log":1,"minecraft:bread":9,"minecraft:lectern":75,"minecraft:gravel":107,"minecraft:soul_lantern":8,"minecraft:golden_helmet":1,"minecraft:grindstone":3,"minecraft:smithing_table":1,"minecraft:deepslate_coal_ore":1,"minecraft:birch_log":1,"minecraft:andesite":9,"minecraft:pink_stained_glass":1,"minecraft:oak_boat":44,"minecraft:white_concrete":1,"minecraft:bone_meal":46,"minecraft:oak_fence":1,"minecraft:enchanting_table":1,"minecraft:stone_sword":25,"minecraft:flint_and_steel":17,"minecraft:cracked_deepslate_bricks":1,"minecraft:redstone_ore":1,"minecraft:stone_shovel":606,"minecraft:cooked_salmon":19,"minecraft:cooked_chicken":7,"minecraft:netherrack":55,"minecraft:orange_bed":1,"minecraft:torch":126,"minecraft:dirt":266,"minecraft:anvil":2,"minecraft:cod_bucket":1,"minecraft:salmon_bucket":1,"minecraft:granite":1,"minecraft:wooden_axe":14,"minecraft:iron_axe":714,"minecraft:jungle_log":1,"minecraft:mud_bricks":1,"minecraft:beef":3,"minecraft:emerald_block":1,"minecraft:horn_coral_block":8,"minecraft:cobbled_deepslate":27,"minecraft:cherry_log":7,"minecraft:iron_leggings":1,"minecraft:deepslate_emerald_ore":1,"minecraft:crimson_stem":2,"minecraft:cooked_mutton":13,"minecraft:acacia_boat":2,"minecraft:water_bucket":61,"minecraft:warped_stem":1,"minecraft:snow_block":2,"minecraft:purple_glazed_terracotta":1,"minecraft:cut_sandstone":7,"minecraft:cherry_planks":61,"minecraft:green_bed":3,"minecraft:red_glazed_terracotta":1,"minecraft:fletching_table":7,"minecraft:gold_ore":1,"minecraft:lime_bed":1,"minecraft:oak_slab":339,"minecraft:tnt":17,"minecraft:crafting_table":30,"minecraft:white_bed":1,"minecraft:brown_glazed_terracotta":2,"minecraft:painting":16,"minecraft:smoker":9,"minecraft:purple_stained_glass":2,"minecraft:oak_log":15,"minecraft:diamond_pickaxe":2665,"minecraft:apple":21,"minecraft:chicken":1,"minecraft:iron_pickaxe":113,"minecraft:magenta_banner":1,"minecraft:stone_axe":380,"minecraft:pink_petals":58,"minecraft:pink_bed":1,"minecraft:fishing_rod":1,"minecraft:cobblestone":17,"minecraft:cooked_porkchop":29,"minecraft:bucket":78,"minecraft:glass_pane":15,"minecraft:kelp":18,"minecraft:dandelion":1,"minecraft:candle":2,"minecraft:smooth_stone":108,"minecraft:diamond_leggings":1},"minecraft:picked_up":{"minecraft:iron_chestplate":2,"minecraft:wheat":4,"minecraft:anvil":1,"minecraft:lead":2,"minecraft:oak_stairs":1,"minecraft:enchanted_book":2,"minecraft:brewing_stand":1,"minecraft:string":32,"minecraft:raw_copper":24,"minecraft:iron_leggings":1,"minecraft:oak_sign":1,"minecraft:beetroot":1,"minecraft:cobbled_deepslate":156,"minecraft:gold_nugget":37,"minecraft:smooth_stone":3,"minecraft:bucket":1,"minecraft:rose_bush":2,"minecraft:furnace":24,"minecraft:golden_helmet":2,"minecraft:stick":303,"minecraft:composter":3,"minecraft:oak_fence":1,"minecraft:torch":79,"minecraft:acacia_log":3,"minecraft:porkchop":5,"minecraft:cherry_log":34,"minecraft:stone_sword":1,"minecraft:rotten_flesh":68,"minecraft:armadillo_scute":18,"minecraft:netherite_chestplate":1,"minecraft:obsidian":22,"minecraft:cobblestone":802,"minecraft:birch_log":48,"minecraft:pink_petals":60,"minecraft:magma_block":8,"minecraft:feather":16,"minecraft:lilac":5,"minecraft:magma_cream":1,"minecraft:cherry_planks":5,"minecraft:water_bucket":1,"minecraft:andesite":17,"minecraft:black_bed":2,"minecraft:potato":8,"minecraft:smoker":1,"minecraft:flint":11,"minecraft:tuff":35,"minecraft:acacia_boat":2,"minecraft:netherite_leggings":1,"minecraft:lapis_lazuli":56,"minecraft:dirt":683,"minecraft:bone":26,"minecraft:bow":2,"minecraft:stonecutter":1,"minecraft:wheat_seeds":92,"minecraft:raw_gold":27,"minecraft:bell":1,"minecraft:light_blue_dye":1,"minecraft:grindstone":2,"minecraft:fletching_table":4,"minecraft:oak_planks":694,"minecraft:cooked_porkchop":9,"minecraft:sand":113,"minecraft:grass_block":2,"minecraft:mossy_cobblestone":1,"minecraft:netherite_helmet":1,"minecraft:diamond":131,"minecraft:soul_lantern":6,"minecraft:granite":13,"minecraft:bone_meal":21,"minecraft:emerald":6,"minecraft:oak_sapling":41,"minecraft:netherrack":699,"minecraft:bricks":1,"minecraft:diamond_pickaxe":4,"minecraft:crafting_table":13,"minecraft:chicken":11,"minecraft:ladder":14,"minecraft:brown_mushroom":1,"minecraft:wooden_pickaxe":1,"minecraft:diamond_horse_armor":1,"minecraft:stripped_cherry_log":1,"minecraft:blackstone":37,"minecraft:cartography_table":1,"minecraft:candle":2,"minecraft:beef":20,"minecraft:oak_boat":36,"minecraft:poppy":5,"minecraft:light_gray_wool":1,"minecraft:lectern":71,"minecraft:sugar_cane":73,"minecraft:chest":4,"minecraft:birch_sapling":6,"minecraft:egg":3,"minecraft:raw_iron":170,"minecraft:sandstone":5,"minecraft:stone":3,"minecraft:carrot":30,"minecraft:redstone":44,"minecraft:prismarine_crystals":2,"minecraft:tnt":26,"minecraft:arrow":22,"minecraft:beetroot_seeds":7,"minecraft:peony":19,"minecraft:deepslate_bricks":3,"minecraft:hay_block":29,"minecraft:cracked_deepslate_bricks":3,"minecraft:mutton":13,"minecraft:bone_block":10,"minecraft:white_wool":8,"minecraft:netherite_boots":1,"minecraft:salmon":5,"minecraft:cut_sandstone":1,"minecraft:leather":14,"minecraft:wolf_armor":1,"minecraft:oak_log":438,"minecraft:ancient_debris":29,"minecraft:yellow_bed":5,"minecraft:gunpowder":3,"minecraft:paper":1,"minecraft:cooked_mutton":8,"minecraft:apple":8,"minecraft:stone_bricks":10,"minecraft:kelp":170,"minecraft:iron_ingot":10,"minecraft:stone_pickaxe":2,"minecraft:oak_slab":114,"minecraft:milk_bucket":1,"minecraft:quartz":54,"minecraft:dandelion":4,"minecraft:raw_iron_block":2,"minecraft:gravel":151,"minecraft:blast_furnace":14,"minecraft:white_bed":2,"minecraft:spider_eye":10,"minecraft:dried_kelp_block":8,"minecraft:stone_axe":3,"minecraft:painting":15,"minecraft:cherry_sapling":34,"minecraft:gray_wool":2,"minecraft:black_wool":2,"minecraft:coal":153,"minecraft:ender_pearl":2},"minecraft:dropped":{"minecraft:iron_sword":1,"minecraft:brown_mushroom":1,"minecraft:lapis_lazuli":71,"minecraft:oak_log":37,"minecraft:diamond":98,"minecraft:crafting_table":1,"minecraft:cooked_porkchop":18,"minecraft:emerald":9,"minecraft:flint":1,"minecraft:dirt":101,"minecraft:cut_sandstone":1,"minecraft:netherite_boots":1,"minecraft:bone_meal":20,"minecraft:iron_pickaxe":1,"minecraft:birch_log":17,"minecraft:bone":2,"minecraft:gravel":14,"minecraft:stone_axe":3,"minecraft:blackstone":21,"minecraft:cobbled_deepslate":27,"minecraft:netherite_sword":1,"minecraft:wheat":8,"minecraft:cherry_sapling":3,"minecraft:beetroot":1,"minecraft:rotten_flesh":36,"minecraft:oak_planks":7,"minecraft:cooked_mutton":15,"minecraft:carrot":4,"minecraft:gunpowder":1,"minecraft:beetroot_seeds":7,"minecraft:ladder":1,"minecraft:arrow":2,"minecraft:quartz":53,"minecraft:netherrack":286,"minecraft:enchanted_book":3,"minecraft:water_bucket":2,"minecraft:netherite_pickaxe":1,"minecraft:oak_slab":8,"minecraft:wheat_seeds":35,"minecraft:golden_helmet":2,"minecraft:tnt":64,"minecraft:mossy_cobblestone":1,"minecraft:netherite_axe":1,"minecraft:netherite_helmet":1,"minecraft:netherite_chestplate":1,"minecraft:feather":1,"minecraft:iron_helmet":1,"minecraft:cobblestone":258,"minecraft:apple":4,"minecraft:granite":6,"minecraft:stick":6,"minecraft:dried_kelp_block":1,"minecraft:milk_bucket":2,"minecraft:torch":118,"minecraft:cherry_planks":2,"minecraft:iron_leggings":2,"minecraft:armadillo_scute":5,"minecraft:paper":1,"minecraft:string":11,"minecraft:acacia_planks":3,"minecraft:dandelion":2,"minecraft:kelp":64,"minecraft:coarse_dirt":1,"minecraft:stone_sword":2,"minecraft:tuff":19,"minecraft:composter":3,"minecraft:stone_shovel":2,"minecraft:light_gray_wool":1,"minecraft:iron_boots":1,"minecraft:netherite_leggings":1,"minecraft:wolf_armor":3,"minecraft:shield":1,"minecraft:peony":4,"minecraft:diamond_pickaxe":3,"minecraft:iron_chestplate":3,"minecraft:yellow_bed":4,"minecraft:oak_boat":3,"minecraft:oak_sapling":13,"minecraft:spider_eye":12,"minecraft:bow":2,"minecraft:stone_pickaxe":2,"minecraft:raw_gold":1,"minecraft:magma_block":6},"minecraft:killed":{"minecraft:spider":27,"minecraft:skeleton":35,"minecraft:chicken":12,"minecraft:magma_cube":18,"minecraft:pig":3,"minecraft:salmon":7,"minecraft:iron_golem":1,"minecraft:creeper":7,"minecraft:sheep":9,"minecraft:trader_llama":2,"minecraft:pillager":1,"minecraft:zombie":72,"minecraft:ghast":1,"minecraft:cow":10,"minecraft:armadillo":1,"minecraft:slime":1,"minecraft:horse":2,"minecraft:drowned":7,"minecraft:wandering_trader":1,"minecraft:villager":9,"minecraft:enderman":5}},"DataVersion":3839}