{"stats":{"minecraft:dropped":{"minecraft:lapis_lazuli":97,"minecraft:diamond":60,"minecraft:black_bed":1,"minecraft:leather":2,"minecraft:emerald":47,"minecraft:dirt":4,"minecraft:netherite_boots":1,"minecraft:sugar_cane":16,"minecraft:rotten_flesh":15,"minecraft:oak_planks":650,"minecraft:salmon":4,"minecraft:lectern":1,"minecraft:enchanted_book":1,"minecraft:water_bucket":1,"minecraft:wheat_seeds":3,"minecraft:golden_helmet":1,"minecraft:tnt":26,"minecraft:netherite_helmet":2,"minecraft:netherite_chestplate":2,"minecraft:piglin_head":1,"minecraft:stick":256,"minecraft:diamond_horse_armor":1,"minecraft:dried_kelp_block":7,"minecraft:iron_leggings":1,"minecraft:pink_petals":5,"minecraft:bucket":2,"minecraft:kelp":8,"minecraft:player_head":1,"minecraft:raw_iron":95,"minecraft:netherite_leggings":1,"minecraft:light_blue_dye":1,"minecraft:diamond_pickaxe":6,"minecraft:iron_chestplate":1,"minecraft:oak_sapling":2,"minecraft:black_wool":2},"minecraft:picked_up":{"minecraft:wooden_axe":1,"minecraft:seagrass":4,"minecraft:iron_chestplate":2,"minecraft:wheat":71,"minecraft:lead":9,"minecraft:smithing_table":1,"minecraft:stone_slab":5,"minecraft:oak_stairs":2,"minecraft:potion":2,"minecraft:enchanted_book":2,"minecraft:music_disc_cat":1,"minecraft:string":9,"minecraft:raw_copper":38,"minecraft:soul_soil":1,"minecraft:iron_leggings":3,"minecraft:shroomlight":3,"minecraft:oak_sign":3,"minecraft:beetroot":19,"minecraft:diamond_leggings":2,"minecraft:smooth_stone":3,"minecraft:gold_nugget":382,"minecraft:cobbled_deepslate":544,"minecraft:bucket":1,"minecraft:rose_bush":62,"minecraft:calcite":34,"minecraft:iron_pickaxe":1,"minecraft:iron_boots":1,"minecraft:furnace":4,"minecraft:golden_helmet":1,"minecraft:stick":16,"minecraft:composter":1,"minecraft:brown_terracotta":4,"minecraft:oak_fence":5,"minecraft:torch":130,"minecraft:porkchop":34,"minecraft:cherry_log":87,"minecraft:diorite":11,"minecraft:stone_sword":1,"minecraft:rotten_flesh":92,"minecraft:armadillo_scute":14,"minecraft:white_terracotta":2,"minecraft:netherite_chestplate":2,"minecraft:obsidian":8,"minecraft:cobblestone":487,"minecraft:birch_log":67,"minecraft:pink_petals":351,"minecraft:magma_block":1,"minecraft:feather":33,"minecraft:lilac":9,"minecraft:magma_cream":1,"minecraft:cherry_planks":1,"minecraft:water_bucket":3,"minecraft:andesite":4,"minecraft:black_bed":3,"minecraft:brown_wool":2,"minecraft:potato":117,"minecraft:flint":14,"minecraft:magenta_dye":1,"minecraft:tuff":91,"minecraft:acacia_boat":1,"minecraft:netherite_leggings":1,"minecraft:lapis_lazuli":257,"minecraft:dirt":618,"minecraft:polished_granite":1,"minecraft:name_tag":2,"minecraft:glass":59,"minecraft:bone":52,"minecraft:acacia_planks":1,"minecraft:bow":2,"minecraft:wheat_seeds":199,"minecraft:raw_gold":49,"minecraft:netherite_axe":1,"minecraft:fletching_table":2,"minecraft:glowstone_dust":33,"minecraft:stone_hoe":1,"minecraft:oak_planks":236,"minecraft:ghast_tear":1,"minecraft:cooked_porkchop":9,"minecraft:music_disc_13":1,"minecraft:sand":149,"minecraft:ink_sac":3,"minecraft:red_terracotta":47,"minecraft:mossy_cobblestone":1,"minecraft:light_gray_terracotta":6,"minecraft:diamond":108,"minecraft:netherite_helmet":2,"minecraft:soul_lantern":4,"minecraft:granite":9,"minecraft:golden_apple":1,"minecraft:emerald":50,"minecraft:oak_sapling":23,"minecraft:netherrack":167,"minecraft:bricks":1,"minecraft:diamond_pickaxe":6,"minecraft:crafting_table":19,"minecraft:coarse_dirt":1,"minecraft:azure_bluet":1,"minecraft:chicken":28,"minecraft:brown_mushroom":12,"minecraft:stripped_cherry_log":1,"minecraft:shield":2,"minecraft:flint_and_steel":1,"minecraft:blackstone":3,"minecraft:candle":15,"minecraft:netherite_sword":1,"minecraft:music_disc_otherside":1,"minecraft:beef":37,"minecraft:oak_boat":19,"minecraft:player_head":5,"minecraft:lectern":1,"minecraft:poppy":12,"minecraft:sugar_cane":4,"minecraft:chest":11,"minecraft:birch_sapling":5,"minecraft:egg":2,"minecraft:raw_iron":140,"minecraft:stone":3,"minecraft:oak_door":3,"minecraft:copper_ingot":1,"minecraft:carrot":160,"minecraft:redstone":175,"minecraft:netherite_pickaxe":1,"minecraft:tnt":79,"minecraft:stone_shovel":2,"minecraft:arrow":23,"minecraft:beetroot_seeds":44,"minecraft:peony":97,"minecraft:deepslate_bricks":3,"minecraft:hay_block":10,"minecraft:cracked_deepslate_bricks":2,"minecraft:saddle":2,"minecraft:glow_berries":4,"minecraft:mutton":52,"minecraft:bone_block":51,"minecraft:rail":10,"minecraft:white_wool":38,"minecraft:netherite_boots":1,"minecraft:basalt":20,"minecraft:salmon":18,"minecraft:leather":16,"minecraft:red_mushroom":16,"minecraft:wolf_armor":2,"minecraft:crimson_fungus":1,"minecraft:oak_log":347,"minecraft:lily_pad":1,"minecraft:yellow_bed":11,"minecraft:gunpowder":8,"minecraft:white_banner":3,"minecraft:piglin_head":2,"minecraft:cooked_mutton":12,"minecraft:apple":6,"minecraft:kelp":989,"minecraft:stone_pickaxe":1,"minecraft:iron_ingot":6,"minecraft:cooked_chicken":1,"minecraft:iron_sword":1,"minecraft:soul_sand":12,"minecraft:book":15,"minecraft:sculk_catalyst":2,"minecraft:oak_slab":78,"minecraft:milk_bucket":1,"minecraft:pumpkin":10,"minecraft:sculk":4,"minecraft:quartz":252,"minecraft:dandelion":9,"minecraft:gravel":40,"minecraft:amethyst_shard":15,"minecraft:soul_torch":26,"minecraft:white_bed":6,"minecraft:spider_eye":11,"minecraft:sculk_sensor":1,"minecraft:dried_kelp_block":1,"minecraft:stone_axe":1,"minecraft:iron_helmet":1,"minecraft:birch_sign":9,"minecraft:cherry_sapling":23,"minecraft:gray_wool":8,"minecraft:black_wool":4,"minecraft:coal":57,"minecraft:sunflower":37},"minecraft:custom":{"minecraft:animals_bred":1,"minecraft:interact_with_crafting_table":82,"minecraft:bell_ring":19,"minecraft:leave_game":7,"minecraft:time_since_death":117906,"minecraft:sprint_one_cm":1118362,"minecraft:drop":76,"minecraft:talked_to_villager":71,"minecraft:play_time":962379,"minecraft:deaths":75,"minecraft:jump":8424,"minecraft:walk_on_water_one_cm":188490,"minecraft:enchant_item":4,"minecraft:interact_with_furnace":99,"minecraft:traded_with_villager":54,"minecraft:sleep_in_bed":14,"minecraft:damage_dealt":21034,"minecraft:player_kills":15,"minecraft:crouch_one_cm":121815,"minecraft:interact_with_smoker":5,"minecraft:interact_with_smithing_table":2,"minecraft:mob_kills":164,"minecraft:interact_with_anvil":10,"minecraft:climb_one_cm":89070,"minecraft:walk_one_cm":2679141,"minecraft:sneak_time":41553,"minecraft:walk_under_water_one_cm":163524,"minecraft:boat_one_cm":1570925,"minecraft:interact_with_blast_furnace":45,"minecraft:total_world_time":962379,"minecraft:interact_with_grindstone":5,"minecraft:interact_with_stonecutter":1,"minecraft:time_since_rest":13494,"minecraft:damage_taken":19774,"minecraft:swim_one_cm":155103,"minecraft:fly_one_cm":2770095,"minecraft:open_chest":693,"minecraft:fall_one_cm":193692},"minecraft:killed":{"minecraft:zombified_piglin":5,"minecraft:spider":14,"minecraft:skeleton":20,"minecraft:chicken":14,"minecraft:turtle":3,"minecraft:wolf":1,"minecraft:magma_cube":4,"minecraft:piglin":1,"minecraft:pig":17,"minecraft:zombie_villager":1,"minecraft:salmon":13,"minecraft:creeper":2,"minecraft:sheep":20,"minecraft:trader_llama":2,"minecraft:pillager":1,"minecraft:zombie":22,"minecraft:cow":7,"minecraft:drowned":3,"minecraft:squid":1},"minecraft:crafted":{"minecraft:black_dye":3,"minecraft:oak_planks":1576,"minecraft:oak_sign":3,"minecraft:cooked_chicken":2,"minecraft:cooked_mutton":1,"minecraft:glass":44,"minecraft:diamond_helmet":2,"minecraft:chest":27,"minecraft:dried_kelp_block":19,"minecraft:stone_hoe":1,"minecraft:oak_fence":18,"minecraft:oak_slab":78,"minecraft:emerald":51,"minecraft:crafting_table":6,"minecraft:wooden_pickaxe":1,"minecraft:birch_planks":268,"minecraft:iron_chestplate":2,"minecraft:diamond_pickaxe":1,"minecraft:stick":2260,"minecraft:iron_ingot":14,"minecraft:stone_sword":1,"minecraft:gold_ingot":55,"minecraft:black_bed":1,"minecraft:cherry_planks":68,"minecraft:oak_door":3,"minecraft:furnace":1,"minecraft:bone_meal":90,"minecraft:white_carpet":3,"minecraft:iron_axe":2,"minecraft:stone_pickaxe":7,"minecraft:golden_helmet":3,"minecraft:birch_sign":24,"minecraft:cooked_beef":4,"minecraft:dried_kelp":201,"minecraft:bucket":2,"minecraft:enchanted_book":2,"minecraft:air":0,"minecraft:flint":10,"minecraft:wooden_axe":5,"minecraft:white_bed":1},"minecraft:used":{"minecraft:beetroot":1,"minecraft:peony":40,"minecraft:cherry_sapling":21,"minecraft:red_sand":8,"minecraft:poppy":10,"minecraft:oak_sign":1,"minecraft:chest":35,"minecraft:white_terracotta":150,"minecraft:stone":9,"minecraft:iron_sword":30,"minecraft:stripped_jungle_wood":1,"minecraft:player_head":70,"minecraft:iron_chestplate":1,"minecraft:white_candle":1,"minecraft:mutton":2,"minecraft:carrot":75,"minecraft:tuff":27,"minecraft:azure_bluet":1,"minecraft:milk_bucket":2,"minecraft:glass":13,"minecraft:lava_bucket":33,"minecraft:coal_ore":1,"minecraft:bricks":1,"minecraft:red_wool":1,"minecraft:lantern":5,"minecraft:deepslate_copper_ore":1,"minecraft:birch_sapling":2,"minecraft:netherite_boots":2,"minecraft:deepslate_diamond_ore":1,"minecraft:bow":134,"minecraft:hay_block":5,"minecraft:oak_sapling":4,"minecraft:furnace":1,"minecraft:beetroot_seeds":14,"minecraft:pink_concrete_powder":8,"minecraft:potato":32,"minecraft:seagrass":4,"minecraft:lime_glazed_terracotta":1,"minecraft:mossy_stone_bricks":1,"minecraft:red_stained_glass":13,"minecraft:stone_pickaxe":894,"minecraft:oak_planks":246,"minecraft:blackstone":3,"minecraft:wooden_pickaxe":37,"minecraft:composter":1,"minecraft:sugar_cane":16,"minecraft:white_wool":3,"minecraft:glow_berries":5,"minecraft:sand":7,"minecraft:netherite_leggings":2,"minecraft:deepslate_redstone_ore":1,"minecraft:netherite_helmet":2,"minecraft:black_bed":2,"minecraft:deepslate_lapis_ore":2,"minecraft:crying_obsidian":1,"minecraft:mangrove_door":5,"minecraft:deepslate_iron_ore":1,"minecraft:bread":8,"minecraft:red_terracotta":63,"minecraft:diamond_ore":1,"minecraft:iron_door":1,"minecraft:gravel":1,"minecraft:flowering_azalea_leaves":1,"minecraft:lilac":5,"minecraft:golden_helmet":2,"minecraft:smithing_table":1,"minecraft:deepslate_coal_ore":1,"minecraft:pink_stained_glass":40,"minecraft:oak_boat":19,"minecraft:stripped_cherry_log":1,"minecraft:white_concrete":1,"minecraft:coarse_dirt":32,"minecraft:experience_bottle":3,"minecraft:oak_fence":13,"minecraft:netherite_sword":2,"minecraft:rose_bush":22,"minecraft:stone_sword":321,"minecraft:acacia_log":1,"minecraft:stone_shovel":9,"minecraft:dried_kelp":1,"minecraft:deepslate_gold_ore":1,"minecraft:stone_hoe":59,"minecraft:cooked_chicken":1,"minecraft:dried_kelp_block":1,"minecraft:netherrack":128,"minecraft:oak_door":2,"minecraft:torch":46,"minecraft:dirt":283,"minecraft:white_carpet":3,"minecraft:granite":6,"minecraft:purple_banner":1,"minecraft:wooden_axe":313,"minecraft:brown_terracotta":3,"minecraft:bamboo_fence":1,"minecraft:muddy_mangrove_roots":1,"minecraft:iron_axe":446,"minecraft:melon_seeds":5,"minecraft:basalt":20,"minecraft:raw_copper_block":1,"minecraft:cooked_beef":4,"minecraft:cobbled_deepslate":175,"minecraft:cherry_log":74,"minecraft:iron_leggings":1,"minecraft:brown_bed":1,"minecraft:crimson_stem":1,"minecraft:wheat_seeds":46,"minecraft:cooked_mutton":8,"minecraft:acacia_boat":1,"minecraft:water_bucket":45,"minecraft:iron_ore":1,"minecraft:tube_coral_block":4,"minecraft:netherite_chestplate":2,"minecraft:red_nether_bricks":1,"minecraft:pink_banner":2,"minecraft:cut_sandstone":14,"minecraft:magenta_stained_glass":1,"minecraft:fletching_table":2,"minecraft:mossy_cobblestone":1,"minecraft:tnt":35,"minecraft:oak_slab":182,"minecraft:crafting_table":14,"minecraft:birch_sign":26,"minecraft:bamboo_block":3,"minecraft:white_bed":4,"minecraft:dark_oak_door":2,"minecraft:piglin_head":2,"minecraft:brown_glazed_terracotta":1,"minecraft:mushroom_stem":4,"minecraft:spruce_log":1,"minecraft:oak_log":32,"minecraft:purple_stained_glass":1,"minecraft:diamond_pickaxe":630,"minecraft:apple":2,"minecraft:iron_pickaxe":312,"minecraft:netherite_axe":14,"minecraft:lapis_ore":2,"minecraft:budding_amethyst":1,"minecraft:stone_axe":90,"minecraft:pink_petals":152,"minecraft:pink_bed":2,"minecraft:cobblestone":234,"minecraft:white_banner":2,"minecraft:cooked_porkchop":8,"minecraft:magenta_glazed_terracotta":1,"minecraft:bucket":81,"minecraft:yellow_bed":1,"minecraft:gray_wool":2,"minecraft:dandelion":7,"minecraft:candle":1,"minecraft:smooth_stone":141},"minecraft:killed_by":{"minecraft:zombified_piglin":1,"minecraft:drowned":3,"minecraft:magma_cube":1,"minecraft:piglin":2,"minecraft:zombie":7,"minecraft:player":15,"minecraft:spider":1,"minecraft:warden":9,"minecraft:skeleton":5},"minecraft:broken":{"minecraft:golden_helmet":2,"minecraft:iron_boots":1,"minecraft:iron_chestplate":2,"minecraft:iron_leggings":2,"minecraft:stone_pickaxe":6,"minecraft:wooden_axe":6,"minecraft:stone_sword":1,"minecraft:wooden_pickaxe":1,"minecraft:iron_axe":2,"minecraft:iron_pickaxe":1,"minecraft:iron_helmet":1},"minecraft:mined":{"minecraft:white_bed":4,"minecraft:cherry_log":86,"minecraft:sculk_vein":8,"minecraft:obsidian":1,"minecraft:cave_vines_plant":1,"minecraft:granite":4,"minecraft:grass_block":51,"minecraft:soul_soil":1,"minecraft:crimson_fungus":1,"minecraft:tall_seagrass":8,"minecraft:sculk_catalyst":1,"minecraft:glowstone":17,"minecraft:iron_ore":15,"minecraft:cobbled_deepslate":26,"minecraft:fire":44,"minecraft:pumpkin":5,"minecraft:deepslate_lapis_ore":6,"minecraft:fletching_table":1,"minecraft:sculk_shrieker":1,"minecraft:cave_vines":11,"minecraft:birch_wall_sign":8,"minecraft:azalea":3,"minecraft:player_head":1,"minecraft:deepslate_redstone_ore":21,"minecraft:brown_mushroom":5,"minecraft:blackstone":3,"minecraft:kelp_plant":207,"minecraft:player_wall_head":2,"minecraft:soul_fire":2,"minecraft:piglin_head":1,"minecraft:soul_lantern":1,"minecraft:torch":10,"minecraft:light_gray_terracotta":6,"minecraft:calcite":36,"minecraft:poppy":8,"minecraft:chest":11,"minecraft:dead_bush":3,"minecraft:nether_quartz_ore":199,"minecraft:cobblestone":4,"minecraft:sugar_cane":2,"minecraft:oak_planks":32,"minecraft:wall_torch":4,"minecraft:pink_petals":89,"minecraft:seagrass":8,"minecraft:white_terracotta":2,"minecraft:birch_log":50,"minecraft:wheat":52,"minecraft:lilac":5,"minecraft:black_bed":2,"minecraft:oak_log":308,"minecraft:beetroots":16,"minecraft:dirt":108,"minecraft:sand":52,"minecraft:netherrack":235,"minecraft:oak_leaves":36,"minecraft:deepslate":385,"minecraft:nether_gold_ore":86,"minecraft:tuff":76,"minecraft:deepslate_diamond_ore":49,"minecraft:candle":3,"minecraft:cherry_sapling":1,"minecraft:stripped_cherry_log":1,"minecraft:dark_oak_log":2,"minecraft:glow_lichen":1,"minecraft:red_mushroom":9,"minecraft:kelp":63,"minecraft:moss_block":1,"minecraft:hay_block":6,"minecraft:carrots":48,"minecraft:andesite":5,"minecraft:piglin_wall_head":1,"minecraft:peony":61,"minecraft:potatoes":26,"minecraft:shroomlight":3,"minecraft:deepslate_iron_ore":83,"minecraft:vine":3,"minecraft:stone":155,"minecraft:bone_block":48,"minecraft:white_wool":2,"minecraft:smithing_table":1,"minecraft:oak_slab":66,"minecraft:flowering_azalea":7,"minecraft:soul_sand":12,"minecraft:basalt":21,"minecraft:dandelion":5,"minecraft:polished_granite":1,"minecraft:crafting_table":11,"minecraft:short_grass":212,"minecraft:rose_bush":38,"minecraft:sculk_sensor":8,"minecraft:tall_grass":31,"minecraft:copper_ore":4,"minecraft:dried_kelp_block":1,"minecraft:deepslate_gold_ore":40,"minecraft:lapis_ore":1,"minecraft:lily_pad":1,"minecraft:sculk":94,"minecraft:diorite":11,"minecraft:gray_wool":3,"minecraft:red_terracotta":50,"minecraft:white_wall_banner":2,"minecraft:bee_nest":1,"minecraft:yellow_bed":3,"minecraft:coal_ore":57,"minecraft:cherry_leaves":36,"minecraft:sunflower":31,"minecraft:gravel":21,"minecraft:terracotta":23,"minecraft:gold_ore":10}},"DataVersion":3839}