{"stats":{"minecraft:used":{"minecraft:oak_fence":12,"minecraft:stone_sword":6,"minecraft:stone_shovel":9,"minecraft:stone_pickaxe":40,"minecraft:oak_planks":95,"minecraft:oak_door":1,"minecraft:dirt":18,"minecraft:oak_slab":6,"minecraft:crafting_table":1,"minecraft:white_bed":4,"minecraft:black_bed":2,"minecraft:glass":13,"minecraft:oak_log":10,"minecraft:wooden_axe":50,"minecraft:stone_axe":90,"minecraft:oak_sapling":2,"minecraft:cooked_beef":3},"minecraft:crafted":{"minecraft:cooked_beef":4,"minecraft:black_dye":3,"minecraft:oak_door":3,"minecraft:oak_slab":6,"minecraft:oak_planks":332,"minecraft:crafting_table":2,"minecraft:wooden_pickaxe":1,"minecraft:cooked_chicken":2,"minecraft:cooked_mutton":1,"minecraft:glass":38,"minecraft:stick":20,"minecraft:wooden_axe":2,"minecraft:black_bed":1,"minecraft:white_bed":1,"minecraft:oak_fence":18},"minecraft:picked_up":{"minecraft:crafting_table":2,"minecraft:feather":3,"minecraft:chicken":2,"minecraft:salmon":18,"minecraft:black_bed":3,"minecraft:leather":2,"minecraft:flint":1,"minecraft:oak_log":86,"minecraft:dirt":22,"minecraft:raw_copper":9,"minecraft:cooked_mutton":7,"minecraft:wheat_seeds":2,"minecraft:beef":1,"minecraft:stone_pickaxe":1,"minecraft:oak_planks":42,"minecraft:stick":1,"minecraft:gravel":2,"minecraft:sand":50,"minecraft:ink_sac":3,"minecraft:white_bed":4,"minecraft:stone_sword":1,"minecraft:stone_shovel":1,"minecraft:rotten_flesh":8,"minecraft:stone_axe":1,"minecraft:oak_sapling":6,"minecraft:mutton":16,"minecraft:black_wool":2,"minecraft:coal":17,"minecraft:white_wool":10,"minecraft:cobblestone":17},"minecraft:killed":{"minecraft:salmon":13,"minecraft:squid":1,"minecraft:sheep":11,"minecraft:chicken":2,"minecraft:cow":1},"minecraft:killed_by":{"minecraft:player":2,"minecraft:skeleton":1,"minecraft:zombie":1},"minecraft:dropped":{"minecraft:rotten_flesh":8,"minecraft:oak_planks":29,"minecraft:black_bed":1,"minecraft:leather":2,"minecraft:salmon":4,"minecraft:oak_sapling":2,"minecraft:black_wool":2},"minecraft:mined":{"minecraft:white_bed":3,"minecraft:crafting_table":2,"minecraft:short_grass":21,"minecraft:grass_block":21,"minecraft:copper_ore":2,"minecraft:tall_grass":1,"minecraft:oak_planks":13,"minecraft:seagrass":1,"minecraft:black_bed":2,"minecraft:bee_nest":1,"minecraft:coal_ore":17,"minecraft:oak_log":84,"minecraft:gravel":1,"minecraft:sand":44,"minecraft:dirt":2,"minecraft:stone":19,"minecraft:oak_leaves":8},"minecraft:custom":{"minecraft:interact_with_furnace":30,"minecraft:mob_kills":28,"minecraft:interact_with_crafting_table":21,"minecraft:leave_game":2,"minecraft:time_since_death":51526,"minecraft:sleep_in_bed":3,"minecraft:time_since_rest":9839,"minecraft:sprint_one_cm":90919,"minecraft:damage_taken":1166,"minecraft:walk_one_cm":185394,"minecraft:drop":15,"minecraft:damage_dealt":2080,"minecraft:swim_one_cm":9289,"minecraft:fly_one_cm":83373,"minecraft:player_kills":2,"minecraft:open_chest":39,"minecraft:crouch_one_cm":137,"minecraft:play_time":77134,"minecraft:deaths":4,"minecraft:sneak_time":58,"minecraft:walk_under_water_one_cm":10397,"minecraft:jump":678,"minecraft:walk_on_water_one_cm":19837,"minecraft:total_world_time":77134,"minecraft:fall_one_cm":12326},"minecraft:broken":{"minecraft:wooden_axe":1}},"DataVersion":3839}