{"stats":{"minecraft:custom":{"minecraft:interact_with_anvil":7,"minecraft:mob_kills":124,"minecraft:interact_with_crafting_table":57,"minecraft:bell_ring":16,"minecraft:leave_game":3,"minecraft:time_since_death":7479,"minecraft:climb_one_cm":2333,"minecraft:sprint_one_cm":570115,"minecraft:walk_one_cm":1347796,"minecraft:drop":50,"minecraft:talked_to_villager":59,"minecraft:play_time":439647,"minecraft:sneak_time":17872,"minecraft:deaths":35,"minecraft:walk_under_water_one_cm":81451,"minecraft:boat_one_cm":427374,"minecraft:jump":4468,"minecraft:interact_with_blast_furnace":8,"minecraft:walk_on_water_one_cm":110675,"minecraft:enchant_item":2,"minecraft:total_world_time":439647,"minecraft:interact_with_furnace":36,"minecraft:traded_with_villager":54,"minecraft:sleep_in_bed":9,"minecraft:time_since_rest":7499,"minecraft:damage_taken":8900,"minecraft:damage_dealt":17315,"minecraft:swim_one_cm":59529,"minecraft:fly_one_cm":604506,"minecraft:player_kills":4,"minecraft:open_chest":297,"minecraft:crouch_one_cm":62428,"minecraft:fall_one_cm":92735},"minecraft:picked_up":{"minecraft:iron_chestplate":1,"minecraft:crafting_table":9,"minecraft:wheat":3,"minecraft:chicken":14,"minecraft:brown_mushroom":6,"minecraft:lead":4,"minecraft:enchanted_book":2,"minecraft:shield":1,"minecraft:string":5,"minecraft:raw_copper":22,"minecraft:iron_leggings":1,"minecraft:blackstone":1,"minecraft:beetroot":1,"minecraft:candle":8,"minecraft:gold_nugget":115,"minecraft:cobbled_deepslate":347,"minecraft:beef":12,"minecraft:oak_boat":14,"minecraft:rose_bush":41,"minecraft:lectern":1,"minecraft:poppy":7,"minecraft:iron_pickaxe":1,"minecraft:sugar_cane":2,"minecraft:birch_sapling":1,"minecraft:iron_boots":1,"minecraft:stick":7,"minecraft:raw_iron":128,"minecraft:torch":69,"minecraft:porkchop":34,"minecraft:cherry_log":21,"minecraft:carrot":7,"minecraft:redstone":97,"minecraft:tnt":64,"minecraft:stone_shovel":1,"minecraft:stone_sword":1,"minecraft:arrow":18,"minecraft:rotten_flesh":33,"minecraft:beetroot_seeds":4,"minecraft:peony":60,"minecraft:armadillo_scute":7,"minecraft:mutton":33,"minecraft:white_wool":20,"minecraft:cobblestone":82,"minecraft:birch_log":50,"minecraft:pink_petals":261,"minecraft:basalt":13,"minecraft:feather":10,"minecraft:lilac":5,"minecraft:water_bucket":2,"minecraft:salmon":18,"minecraft:brown_wool":1,"minecraft:black_bed":3,"minecraft:leather":8,"minecraft:red_mushroom":8,"minecraft:potato":5,"minecraft:flint":3,"minecraft:tuff":67,"minecraft:oak_log":290,"minecraft:yellow_bed":3,"minecraft:gunpowder":3,"minecraft:lapis_lazuli":199,"minecraft:dirt":55,"minecraft:white_banner":2,"minecraft:cooked_mutton":7,"minecraft:bone":22,"minecraft:apple":6,"minecraft:bow":1,"minecraft:wheat_seeds":45,"minecraft:raw_gold":32,"minecraft:stone_pickaxe":1,"minecraft:iron_ingot":1,"minecraft:fletching_table":2,"minecraft:glowstone_dust":33,"minecraft:oak_planks":227,"minecraft:oak_slab":58,"minecraft:milk_bucket":1,"minecraft:pumpkin":5,"minecraft:quartz":43,"minecraft:dandelion":4,"minecraft:gravel":14,"minecraft:sand":62,"minecraft:ink_sac":3,"minecraft:white_bed":5,"minecraft:spider_eye":3,"minecraft:mossy_cobblestone":1,"minecraft:soul_lantern":2,"minecraft:diamond":55,"minecraft:stone_axe":1,"minecraft:iron_helmet":1,"minecraft:granite":6,"minecraft:cherry_sapling":5,"minecraft:gray_wool":2,"minecraft:emerald":50,"minecraft:netherrack":70,"minecraft:oak_sapling":10,"minecraft:black_wool":2,"minecraft:coal":55,"minecraft:seagrass":4,"minecraft:diamond_pickaxe":2,"minecraft:sunflower":21},"minecraft:killed":{"minecraft:spider":10,"minecraft:skeleton":15,"minecraft:chicken":13,"minecraft:drowned":2,"minecraft:turtle":3,"minecraft:wolf":1,"minecraft:pig":17,"minecraft:salmon":13,"minecraft:creeper":2,"minecraft:squid":1,"minecraft:sheep":20,"minecraft:trader_llama":2,"minecraft:pillager":1,"minecraft:zombie":16,"minecraft:cow":7},"minecraft:mined":{"minecraft:nether_gold_ore":25,"minecraft:tuff":68,"minecraft:white_bed":4,"minecraft:deepslate_diamond_ore":35,"minecraft:candle":3,"minecraft:sculk_vein":7,"minecraft:cherry_log":23,"minecraft:obsidian":1,"minecraft:glow_lichen":1,"minecraft:granite":3,"minecraft:grass_block":39,"minecraft:red_mushroom":9,"minecraft:glowstone":16,"minecraft:carrots":7,"minecraft:iron_ore":14,"minecraft:cobbled_deepslate":1,"minecraft:fire":2,"minecraft:pumpkin":5,"minecraft:fletching_table":1,"minecraft:deepslate_lapis_ore":6,"minecraft:peony":61,"minecraft:sculk_shrieker":1,"minecraft:potatoes":5,"minecraft:deepslate_iron_ore":72,"minecraft:stone":73,"minecraft:white_wool":2,"minecraft:deepslate_redstone_ore":21,"minecraft:oak_slab":48,"minecraft:brown_mushroom":5,"minecraft:blackstone":1,"minecraft:basalt":14,"minecraft:soul_lantern":1,"minecraft:dandelion":5,"minecraft:crafting_table":6,"minecraft:torch":7,"minecraft:short_grass":190,"minecraft:poppy":7,"minecraft:rose_bush":38,"minecraft:sculk_sensor":4,"minecraft:nether_quartz_ore":43,"minecraft:tall_grass":19,"minecraft:copper_ore":4,"minecraft:cobblestone":4,"minecraft:sculk":85,"minecraft:lapis_ore":1,"minecraft:sugar_cane":2,"minecraft:deepslate_gold_ore":32,"minecraft:oak_planks":23,"minecraft:wall_torch":1,"minecraft:pink_petals":83,"minecraft:seagrass":1,"minecraft:gray_wool":1,"minecraft:birch_log":50,"minecraft:wheat":16,"minecraft:lilac":5,"minecraft:yellow_bed":3,"minecraft:black_bed":2,"minecraft:white_wall_banner":1,"minecraft:bee_nest":1,"minecraft:oak_log":288,"minecraft:coal_ore":55,"minecraft:beetroots":2,"minecraft:cherry_leaves":24,"minecraft:sunflower":31,"minecraft:gravel":16,"minecraft:sand":52,"minecraft:dirt":8,"minecraft:netherrack":72,"minecraft:oak_leaves":32,"minecraft:deepslate":320},"minecraft:dropped":{"minecraft:enchanted_book":1,"minecraft:lapis_lazuli":95,"minecraft:tnt":26,"minecraft:diamond":50,"minecraft:black_bed":1,"minecraft:leather":2,"minecraft:stick":256,"minecraft:emerald":47,"minecraft:diamond_horse_armor":1,"minecraft:dirt":4,"minecraft:pink_petals":5,"minecraft:bucket":1,"minecraft:sugar_cane":16,"minecraft:raw_iron":95,"minecraft:rotten_flesh":8,"minecraft:oak_planks":650,"minecraft:salmon":4,"minecraft:diamond_pickaxe":2,"minecraft:oak_sapling":2,"minecraft:lectern":1,"minecraft:black_wool":2,"minecraft:water_bucket":1},"minecraft:broken":{"minecraft:stone_sword":1,"minecraft:wooden_pickaxe":1,"minecraft:stone_pickaxe":5,"minecraft:iron_axe":1,"minecraft:iron_pickaxe":1,"minecraft:iron_helmet":1,"minecraft:wooden_axe":3},"minecraft:killed_by":{"minecraft:player":4,"minecraft:drowned":1,"minecraft:magma_cube":1,"minecraft:warden":9,"minecraft:skeleton":4,"minecraft:zombie":4},"minecraft:crafted":{"minecraft:black_dye":3,"minecraft:oak_door":3,"minecraft:oak_planks":1380,"minecraft:oak_sign":3,"minecraft:cooked_chicken":2,"minecraft:furnace":1,"minecraft:white_carpet":3,"minecraft:cooked_mutton":1,"minecraft:glass":38,"minecraft:iron_axe":2,"minecraft:stone_pickaxe":5,"minecraft:chest":3,"minecraft:stone_hoe":1,"minecraft:oak_fence":18,"minecraft:cooked_beef":4,"minecraft:oak_slab":54,"minecraft:emerald":51,"minecraft:crafting_table":6,"minecraft:wooden_pickaxe":1,"minecraft:birch_planks":200,"minecraft:enchanted_book":2,"minecraft:diamond_pickaxe":1,"minecraft:stick":2260,"minecraft:flint":10,"minecraft:wooden_axe":4,"minecraft:stone_sword":1,"minecraft:black_bed":1,"minecraft:white_bed":1},"minecraft:used":{"minecraft:beetroot":1,"minecraft:peony":40,"minecraft:oak_fence":13,"minecraft:cherry_sapling":3,"minecraft:rose_bush":22,"minecraft:stone_sword":321,"minecraft:stone_shovel":9,"minecraft:poppy":8,"minecraft:oak_sign":1,"minecraft:chest":3,"minecraft:stone_hoe":58,"minecraft:cooked_chicken":1,"minecraft:netherrack":70,"minecraft:oak_door":1,"minecraft:torch":26,"minecraft:dirt":29,"minecraft:mutton":2,"minecraft:white_carpet":3,"minecraft:carrot":9,"minecraft:tuff":27,"minecraft:granite":6,"minecraft:milk_bucket":2,"minecraft:glass":13,"minecraft:wooden_axe":172,"minecraft:iron_axe":417,"minecraft:birch_sapling":2,"minecraft:basalt":13,"minecraft:bow":7,"minecraft:furnace":1,"minecraft:oak_sapling":3,"minecraft:beetroot_seeds":4,"minecraft:potato":5,"minecraft:cooked_beef":4,"minecraft:cobbled_deepslate":90,"minecraft:seagrass":4,"minecraft:water_bucket":30,"minecraft:wheat_seeds":28,"minecraft:cooked_mutton":3,"minecraft:stone_pickaxe":712,"minecraft:oak_planks":147,"minecraft:blackstone":1,"minecraft:wooden_pickaxe":24,"minecraft:fletching_table":2,"minecraft:sugar_cane":16,"minecraft:white_wool":2,"minecraft:mossy_cobblestone":1,"minecraft:sand":7,"minecraft:tnt":35,"minecraft:oak_slab":116,"minecraft:crafting_table":10,"minecraft:white_bed":4,"minecraft:black_bed":2,"minecraft:oak_log":13,"minecraft:apple":2,"minecraft:diamond_pickaxe":55,"minecraft:iron_pickaxe":225,"minecraft:gravel":1,"minecraft:lilac":5,"minecraft:stone_axe":90,"minecraft:pink_petals":128,"minecraft:cobblestone":75,"minecraft:white_banner":2,"minecraft:bucket":30,"minecraft:oak_boat":14,"minecraft:candle":1,"minecraft:experience_bottle":3,"minecraft:dandelion":3}},"DataVersion":3839}