{"stats":{"minecraft:killed":{"minecolonies:mercenary":1,"minecraft:sheep":1,"minecraft:trader_llama":2,"alexsmobs:flutter":1,"mca:male_villager":1,"alexsmobs:fly":1,"minecraft:wandering_trader":1,"mca:female_villager":1},"minecraft:dropped":{"biomesoplenty:willow_sapling":64,"minecolonies:supplycampdeployer":1,"mca:book_cult_0":64,"biomesoplenty:hellbark_sapling":128,"mca:book_cult_2":64,"alexsmobs:skelewag_sword":2,"biomesoplenty:palm_sapling":64,"alexsmobs:tendon_whip":2,"alexsmobs:moose_headgear":2,"alexsmobs:sopa_de_macaco":1,"luphieclutteredmod:luphie_pastel_wardrobe":1,"mca:book_blueprint":64,"mca:book_supporters":64,"minecraft:mangrove_fence":1,"alexsmobs:crocodile_chestplate":3,"alexsmobs:moose_ribs":4,"mca:book_infection":64,"alexsmobs:tarantula_hawk_elytra":2,"alexsmobs:banana":49,"minecraft:enchanted_book":138,"alexsmobs:unsettling_kimono":2,"minecraft:mangrove_trapdoor":1,"biomesoplenty:magic_sapling":64,"alexsmobs:raw_catfish":1,"alexsmobs:roadrunner_boots":4,"alexsmobs:cockroach_ootheca":1,"alexsmobs:froststalker_helmet":1,"minecolonies:scroll_highlight":1,"mca:book_romance":64,"alexsmobs:stink_ray":3,"mca:book_cult_ancient":64,"alexsmobs:spiked_turtle_shell":1,"alexsmobs:spawn_egg_gelada_monkey":1,"alexsmobs:straddle_helmet":1,"alexsmobs:ghostly_pickaxe":4,"minecraft:lapis_block":128,"minecraft:redstone_block":64,"minecraft:moss_carpet":1,"alexsmobs:shield_of_the_deep":2,"mca:book_family":64,"alexsmobs:blobfish":1,"alexsmobs:falconry_glove":1,"alexsmobs:pupfish_locator":2,"alexsmobs:straddle_saddle":2,"biomesoplenty:dead_sapling":64,"minecraft:stone":64,"biomesoplenty:umbran_sapling":64,"mca:book_cult_1":64,"alexsmobs:transmutation_table":3,"alexsmobs:novelty_hat":3},"minecraft:custom":{"minecraft:interact_with_crafting_table":3,"minecraft:open_barrel":107,"minecraft:leave_game":11,"minecraft:time_since_death":953287,"minecraft:sprint_one_cm":66453,"minecraft:drop":260,"minecraft:play_time":953287,"minecraft:jump":1891,"minecraft:walk_on_water_one_cm":34698,"minecraft:interact_with_furnace":2,"minecraft:damage_dealt":3605,"minecraft:crouch_one_cm":7041,"tombstone:villager_killed":3,"minecraft:interact_with_smoker":1,"minecraft:horse_one_cm":595,"minecraft:inspect_dropper":3,"minecraft:mob_kills":11,"minecraft:climb_one_cm":18900,"minecraft:walk_one_cm":3151050,"minecraft:sneak_time":4510,"minecraft:walk_under_water_one_cm":5224,"minecraft:total_world_time":953287,"minecraft:pot_flower":12,"minecraft:interact_with_grindstone":2,"minecraft:interact_with_stonecutter":1,"minecraft:time_since_rest":953287,"minecraft:fly_one_cm":5423459,"minecraft:open_chest":4,"minecraft:fall_one_cm":418},"minecraft:picked_up":{"minecraft:wooden_axe":1,"pamhc2crops:wintersquashitem":1,"minecraft:redstone_block":64,"minecraft:lead":2,"minecolonies:pirate_chest":1,"minecraft:enchanted_book":138,"alexsmobs:bone_serpent_tooth":1,"minecraft:lapis_block":128,"minecraft:string":9,"alexsmobs:blood_sac":1,"biomesoplenty:dead_sapling":64,"alexsmobs:shield_of_the_deep":2,"alexsmobs:banana":7,"minecraft:azalea_leaves":1,"alexsmobs:banana_peel":8,"minecraft:dark_oak_door":2,"mca:book_supporters":64,"minecraft:torch":7,"alexsmobs:straddle_helmet":1,"alexsmobs:tendon_whip":2,"minecolonies:blockhutplantation":1,"alexsmobs:roadrunner_boots":4,"minecraft:rotten_flesh":10,"alexsmobs:spiked_turtle_shell":1,"minecolonies:pirate_legs":1,"mca:book_cult_0":64,"minecraft:cobblestone":3,"minecraft:magma_block":3,"minecolonies:blockhutflorist":1,"minecolonies:blockhutbuilder":1,"cfm:fridge_light":1,"minecraft:dirt":53,"minecraft:lantern":27,"minecraft:mangrove_fence":1,"minecraft:bone":3,"minecraft:wheat_seeds":15,"alexsmobs:pupfish_locator":2,"minecolonies:blockhutrabbithutch":1,"biomesoplenty:palm_sapling":64,"biomesoplenty:magic_sapling":64,"alexsmobs:moose_headgear":2,"alexsmobs:falconry_glove":1,"luphieclutteredmod:luphie_pastel_wardrobe":1,"minecolonies:blockhutlibrary":2,"minecraft:sand":3,"alexsmobs:novelty_hat":1,"biomesoplenty:glowflower":4,"alexsmobs:transmutation_table":3,"minecraft:spruce_button":2,"alexsmobs:moose_ribs":5,"minecraft:oak_sapling":1,"minecraft:light_gray_carpet":3,"minecolonies:blockhutbeekeeper":1,"minecolonies:blockhuttownhall":1,"minecraft:azure_bluet":6,"minecraft:ladder":64,"biomesoplenty:jacaranda_sapling":1,"alexsmobs:straddle_saddle":2,"minecraft:moss_carpet":1,"minecolonies:blockhutglassblower":1,"minecolonies:pirate_cap":1,"biomesoplenty:hellbark_sapling":128,"minecraft:poppy":1,"biomesoplenty:wildflower":1,"alexsmobs:skelewag_sword":2,"minecraft:egg":2,"minecraft:stone":64,"minecraft:oak_door":3,"alexsmobs:cockroach_ootheca":1,"minecraft:bowl":33,"minecraft:cookie":3,"structurize:sceptergold":1,"minecraft:mangrove_trapdoor":1,"mca:book_blueprint":64,"pamhc2trees:apricotitem":1,"minecraft:arrow":3,"minecraft:bamboo_sign":1,"biomesoplenty:umbran_sapling":64,"biomesoplenty:willow_sapling":64,"handcrafted:fancy_painting":1,"mca:book_family":64,"alexsmobs:ghostly_pickaxe":5,"minecraft:mutton":1,"minecraft:white_wool":1,"minecraft:bone_block":2,"minecraft:oxeye_daisy":3,"alexsmobs:sopa_de_macaco":1,"minecraft:leather":1,"doggytalents:rice_grains":2,"alexsmobs:froststalker_helmet":1,"alexsmobs:crocodile_chestplate":3,"mca:book_romance":64,"alexsmobs:mosquito_proboscis":1,"minecolonies:blockhuthospital":1,"alexsmobs:unsettling_kimono":2,"minecraft:apple":1,"minecraft:cooked_chicken":64,"mca:book_cult_1":64,"minecolonies:blockhutenchanter":2,"mca:book_cult_ancient":64,"minecraft:dandelion":7,"alexsmobs:tarantula_hawk_elytra":2,"minecolonies:pirate_shoes":1,"minecraft:spider_eye":1,"minecraft:spruce_door":2,"minecolonies:blockhutcomposter":1,"alexsmobs:raw_catfish":1,"alexsmobs:stink_ray":3,"mca:book_infection":64,"mca:book_cult_2":64},"minecraft:used":{"cfm:stripped_dark_oak_park_bench":16,"minecraft:moss_carpet":87,"alexsmobs:spawn_egg_skunk":2,"mcwholidays:happy_ghost":1,"alexsmobs:spawn_egg_banana_slug":2,"fantasyfurniture:decorations/berry_basket_sweetberry":1,"minecraft:iron_shovel":170,"alexsmobs:spawn_egg_triops":1,"luphieclutteredmod:luphie_retro_cafe_shelf":3,"alexsmobs:sopa_de_macaco":1,"minecraft:bamboo_sign":11,"minecraft:ladder":4,"minecraft:white_concrete_powder":78,"minecraft:green_banner":3,"cfm:stripped_birch_upgraded_fence":74,"minecolonies:decorationcontroller":1,"minecraft:stone":4,"structurize:sceptertag":2,"luphieclutteredmod:luphie_pink_shelf_cabinet":1,"luphieclutteredmod:luphie_purple_plank_set_slab":6,"minecraft:spruce_leaves":5,"alexsmobs:spawn_egg_orca":2,"alexsmobs:spawn_egg_bone_serpent":1,"minecolonies:pirate_shoes":2,"minecraft:jungle_planks":42,"cfm:stripped_warped_upgraded_gate":1,"minecraft:orange_wool":15,"ironchest:iron_chest":3,"luphieclutteredmod:luphie_pink_mini_cabinet":2,"alexsmobs:spawn_egg_centipede":1,"minecraft:cyan_wool":15,"minecraft:stripped_spruce_log":10,"luphieclutteredmod:luphie_open_book":1,"biomesoplenty:palm_sapling":1,"handcrafted:cherry_shelf":7,"cfm:stripped_birch_mail_box":1,"minecraft:netherite_shovel":434,"minecraft:mangrove_log":13,"minecraft:lime_banner":12,"minecraft:villager_spawn_egg":6,"alexsmobs:spawn_egg_gorilla":2,"minecraft:jungle_fence_gate":1,"minecraft:red_wool":37,"minecraft:grass_block":1537,"structurize:sceptersteel":3,"alexsmobs:spawn_egg_hummingbird":1,"minecraft:green_wool":15,"minecolonies:scroll_highlight":332,"minecolonies:pirate_chest":1,"cfm:stripped_oak_chair":3,"minecraft:gray_concrete_powder":269,"biomesoplenty:white_petals":60,"alexsmobs:spawn_egg_leafcutter_ant":2,"minecolonies:blockconstructiontape":1,"luphieclutteredmod:luphie_baking_set_a":1,"minecraft:pink_wool":16,"luphieclutteredmod:luphie_star_string":27,"minecraft:stone_bricks":13,"minecraft:blue_banner":3,"luphieclutteredmod:luphie_pink_heart_door":2,"biomesoplenty:mahogany_sapling":1,"minecraft:item_frame":12,"minecraft:bedrock":136,"biomesoplenty:jacaranda_sapling":7,"minecraft:red_carpet":80,"luphieclutteredmod:small_pink_shelf":3,"alexsmobs:spawn_egg_seagull":2,"minecolonies:pirate_leggins":2,"alexsmobs:spawn_egg_giant_squid":1,"luphieclutteredmod:luphie_row_of_small_pastel_books":7,"domum_ornamentum:plain":12,"naturalist:teddy_bear":2,"luphieclutteredmod:luphie_blossom_garland":29,"minecraft:gray_banner":3,"domum_ornamentum:black_floating_carpet":8,"doggytalents:dog_bed":4,"luphieclutteredmod:luphie_hoppin_park_lantern":6,"luphieclutteredmod:luphie_flowering_pink_heart_door":2,"structurize:shapetool":4,"minecraft:dark_oak_stairs":44,"domum_ornamentum:architectscutter":1,"structurize:blocksubstitution":2,"minecraft:spruce_door":2,"alexsmobs:spawn_egg_warped_toad":1,"minecraft:gray_carpet":3,"minecraft:acacia_trapdoor":25,"minecraft:mangrove_planks":18,"minecraft:jungle_fence":17,"minecraft:oak_planks":50,"alexsmobs:blobfish_bucket":5,"biomesoplenty:fir_planks":55,"biomesoplenty:lavender":15,"biomesoplenty:flowering_oak_sapling":3,"biomesoplenty:glowflower":8,"biomesoplenty:stripped_redwood_wood":53,"luphieclutteredmod:luphie_dorado_cabinet":1,"luphieclutteredmod:luphie_orange_cat_plant_pot":1,"mcwbridges:balustrade_stone_bricks_bridge":7,"minecraft:white_wool":16,"alexsmobs:spawn_egg_capuchin_monkey":2,"handcrafted:oak_corner_trim":4,"cfm:stripped_birch_blinds":15,"luphieclutteredmod:luphie_pink_pressure_plate":2,"minecraft:sand":3,"structurize:blocktagsubstitution":13,"mcwroofs:acacia_lower_roof":2,"alexsmobs:spawn_egg_gelada_monkey":1,"minecraft:yellow_terracotta":35,"biomesoplenty:goldenrod":2,"naturalist:verdant_froglass_pane":59,"luphieclutteredmod:luphie_darkwood_decorative_shelves":2,"naturalist:azure_froglass":2,"mca:female_villager_spawn_egg":1,"minecraft:black_banner":3,"biomesoplenty:dead_planks":212,"luphieclutteredmod:luphie_china_cabinet":1,"minecraft:birch_fence":18,"minecraft:deepslate_tiles":46,"luphieclutteredmod:luphie_tea_kettle":3,"cfm:stripped_dark_oak_desk":5,"minecraft:cherry_hanging_sign":1,"luphieclutteredmod:luphie_pastel_wardrobe":9,"luphieclutteredmod:luphie_envelope_stack":1,"minecraft:birch_slab":10,"alexsmobs:spawn_egg_alligator_snapping_turtle":2,"minecraft:string":4,"minecraft:brown_wool":15,"luphieclutteredmod:luphie_hanging_plant_a":1,"biomesoplenty:yellow_autumn_sapling":1,"mcwholidays:cat_wall_deco_1":1,"luphieclutteredmod:luphie_pink_sink_counter":2,"alexsmobs:spawn_egg_flutter":2,"fantasyfurniture:venthyr/table_wide_fancy":1,"cfm:stripped_dark_oak_chair":34,"luphieclutteredmod:luphie_sweetheart_kitchen_table":2,"minecraft:jungle_sign":3,"alexsmobs:spawn_egg_caiman":1,"luphieclutteredmod:luphie_darkwood_round_table":2,"handcrafted:cherry_corner_trim":1,"alexsmobs:spawn_egg_bison":1,"luphieclutteredmod:luphie_pink_cabinet":1,"cfm:azalea_hedge":16,"cfm:dark_oak_park_bench":83,"minecraft:birch_log":22,"alexsmobs:spawn_egg_crimson_mosquito":1,"minecraft:white_concrete":20,"biomesoplenty:stripped_dead_log":1,"minecraft:bone_meal":120,"minecraft:purple_wool":21,"handcrafted:cherry_table":7,"biomesoplenty:flowering_oak_leaves":3,"minecraft:oak_fence":9,"minecraft:oak_trapdoor":6,"alexsmobs:spawn_egg_underminer":1,"handcrafted:kitchen_hood":2,"minecraft:jungle_leaves":1,"minecraft:acacia_log":5,"handcrafted:fancy_painting":26,"alexsmobs:spawn_egg_seal":1,"luphieclutteredmod:luphie_pastel_block_bookshelf":1,"minecraft:stone_shovel":346,"minecraft:light_gray_carpet":329,"domum_ornamentum:vanilla_fence_compat":10,"luphieclutteredmod:luphie_filled_picnic_basket":3,"biomesoplenty:mossy_black_sand":3,"minecraft:wooden_shovel":702,"alexsmobs:spawn_egg_cockroach":2,"minecraft:mangrove_fence":16,"luphieclutteredmod:luphie_mushroom_chest":1,"domum_ornamentum:vanilla_wall_compat":12,"cfm:rock_path":271,"alexsmobs:spawn_egg_jerboa":1,"minecraft:torch":3,"minecraft:dirt":36,"alexsmobs:spawn_egg_warped_mosco":1,"minecolonies:pirate_boots":1,"structurize:blocksolidsubstitution":111,"minecraft:spruce_stairs":164,"doggytalents:dog_bath":1,"luphieclutteredmod:luphie_darkwood_stool":4,"luphieclutteredmod:luphie_hanging_dish_towel":2,"biomesoplenty:origin_grass_block":10,"biomesoplenty:snowblossom_sapling":1,"luphieclutteredmod:luphie_mushroom_tv":2,"minecraft:jungle_trapdoor":12,"biomesoplenty:jacaranda_slab":26,"minecolonies:chiefsword":32,"luphieclutteredmod:luphie_retro_white_fridge":1,"minecraft:nether_brick_stairs":10,"fantasyfurniture:decorations/mushrooms_red":6,"luphieclutteredmod:luphie_blank_paper_pile":1,"alexsmobs:spawn_egg_terrapin":1,"alexsmobs:spawn_egg_komodo_dragon":1,"minecraft:purple_banner":4,"luphieclutteredmod:luphie_flowering_purple_s_tairs":3,"luphieclutteredmod:luphie_nightstand_knick_knacks":3,"minecraft:dark_oak_planks":6,"minecraft:wooden_axe":4,"luphieclutteredmod:bamboo_bookshelf":2,"minecolonies:pirate_top":2,"cfm:flowering_azalea_hedge":11,"luphieclutteredmod:luphie_pink_right_outer_corner_counter":2,"cfm:white_kitchen_drawer":1,"structurize:caliper":3,"minecraft:oak_stairs":25,"minecraft:spruce_button":1,"handcrafted:dark_oak_dining_bench":43,"luphieclutteredmod:luphie_pastel_wall_bookshelf":1,"alexsmobs:spawn_egg_devils_hole_pupfish":1,"luphieclutteredmod:luphie_hanging_plant_b":3,"alexsmobs:cockroach_ootheca":3,"luphieclutteredmod:luphie_lunar_observatory_books":1,"biomesoplenty:umbran_sapling":1,"minecraft:barrel":47,"biomesoplenty:jacaranda_stairs":76,"cfm:stripped_oak_upgraded_fence":1,"minecraft:light_gray_wool":32,"luphieclutteredmod:luphie_salt_and_pepper_shakers":1,"alexsmobs:spawn_egg_endergrade":1,"minecolonies:pirate_legs":1,"alexsmobs:spawn_egg_rattlesnake":1,"minecraft:magenta_wool":18,"cfm:fridge_light":3,"handcrafted:cherry_chair":2,"luphieclutteredmod:luphie_pink_inner_corner_counter":5,"doggytalents:food_bowl":1,"mca:jeweler_workbench":1,"biomesoplenty:blood_bucket":5,"alexsmobs:spawn_egg_moose":2,"biomesoplenty:blue_hydrangea":5,"minecraft:cyan_banner":3,"mca:rose_gold_block":1,"alexsmobs:spawn_egg_roadrunner":1,"luphieclutteredmod:luphie_table_with_cloth":1,"biomesoplenty:dead_log":58,"luphieclutteredmod:luphie_antique_book_stand":3,"minecraft:water_bucket":9,"mca:male_villager_spawn_egg":1,"biomesoplenty:jacaranda_door":2,"minecraft:yellow_banner":3,"structurize:blockfluidsubstitution":1,"luphieclutteredmod:luphie_wedding_arch":12,"minecraft:dirt_path":208,"luphieclutteredmod:luphie_lunar_observatory_table":2,"minecraft:snow_block":4,"doggytalents:doggy_charm":2,"minecraft:birch_planks":27,"luphieclutteredmod:luphie_mermaid_dresser":3,"minecraft:lime_wool":17,"biomesoplenty:palm_leaves":22,"minecraft:blue_wool":16,"alexsmobs:spawn_egg_comb_jelly":1,"naturalist:crimson_froglass_pane":55,"minecolonies:blockhutcombatacademy":1,"luphieclutteredmod:luphie_classic_radio":2,"luphieclutteredmod:luphie_retro_pink_fridge":1,"biomesoplenty:pink_hibiscus":9,"handcrafted:cherry_fancy_bed":3,"biomesoplenty:hellbark_sapling":1,"alexsmobs:spawn_egg_farseer":1,"luphieclutteredmod:luphie_retro_cafe_shelf_stained_glass":11,"minecraft:cracked_stone_bricks":3,"minecraft:glow_item_frame":8,"alexsmobs:spawn_egg_skreecher":1,"minecraft:light_gray_banner":3,"minecraft:mangrove_trapdoor":21,"biomesoplenty:fir_slab":7,"minecraft:oak_slab":27,"alexsmobs:spawn_egg_crocodile":1,"minecraft:brown_banner":4,"minecraft:birch_sign":11,"luphieclutteredmod:luphie_glowing_moon":1,"minecraft:white_bed":1,"minecraft:painting":38,"alexsmobs:spawn_egg_hammerhead_shark":1,"biomesoplenty:orange_autumn_sapling":2,"biomesoplenty:wildflower":11,"minecraft:mangrove_sign":5,"alexsmobs:spawn_egg_bunfungus":1,"minecraft:spruce_log":24,"biomesoplenty:magic_sapling":1,"alexsmobs:spawn_egg_lobster":1,"alexsmobs:spawn_egg_fly":1,"alexsmobs:spawn_egg_murmur":1,"minecraft:flower_pot":16,"minecraft:light":23,"minecolonies:pirate_cap":3,"minecraft:black_wool":32,"luphieclutteredmod:luphie_jam_jar_pyramid":1,"biomesoplenty:pink_daffodil":8,"cfm:white_sofa":5,"biomesoplenty:willow_sign":3,"alexsmobs:sombrero":1,"luphieclutteredmod:luphie_sweetheart_kitchen_sink":1,"minecraft:spruce_trapdoor":28,"biomesoplenty:snowblossom_leaves":64,"handcrafted:oven":2,"cfm:stripped_birch_upgraded_gate":3,"minecolonies:scan_analyzer":2,"minecraft:yellow_wool":15,"luphieclutteredmod:luphie_mini_hanging_terrariums":2,"naturalist:azure_froglass_pane":110,"minecraft:magenta_banner":3,"minecraft:pink_petals":20,"minecraft:green_carpet":10,"luphieclutteredmod:luphie_scattered_papers":5,"minecraft:azalea_leaves":100,"minecraft:orange_banner":4,"minecraft:white_banner":3,"biomesoplenty:dead_trapdoor":60,"minecraft:red_banner":12,"minecraft:bucket":3,"minecraft:glass_pane":25,"alexsmobs:spawn_egg_gazelle":1,"alexsmobs:animal_dictionary":7,"mcwbridges:rope_mangrove_bridge":5,"biomesoplenty:redwood_stairs":1,"biomesoplenty:fir_log":1,"luphieclutteredmod:luphie_apple_chair":2,"minecraft:gray_wool":15,"structurize:sceptergold":59,"pamhc2trees:pecan_sapling":1,"minecraft:smooth_stone":103,"alexsmobs:spawn_egg_cosmic_cod":1},"minecraft:mined":{"minecraft:granite":6,"minecraft:grass_block":79,"minecraft:dirt":64,"minecraft:stone":20,"minecraft:diorite":29}},"DataVersion":3465}