{"stats":{"minecraft:killed":{"minecraft:zombified_piglin":5,"minecraft:spider":10,"minecraft:skeleton":16,"minecraft:chicken":13,"minecraft:turtle":3,"minecraft:magma_cube":4,"minecraft:wolf":1,"minecraft:piglin":1,"minecraft:pig":17,"minecraft:salmon":13,"minecraft:creeper":2,"minecraft:sheep":20,"minecraft:trader_llama":2,"minecraft:pillager":1,"minecraft:zombie":16,"minecraft:cow":7,"minecraft:drowned":3,"minecraft:squid":1},"minecraft:broken":{"minecraft:golden_helmet":2,"minecraft:iron_boots":1,"minecraft:iron_chestplate":1,"minecraft:iron_leggings":1,"minecraft:stone_pickaxe":6,"minecraft:wooden_axe":6,"minecraft:stone_sword":1,"minecraft:wooden_pickaxe":1,"minecraft:iron_axe":2,"minecraft:iron_pickaxe":1,"minecraft:iron_helmet":1},"minecraft:killed_by":{"minecraft:zombified_piglin":1,"minecraft:drowned":1,"minecraft:magma_cube":1,"minecraft:piglin":1,"minecraft:zombie":4,"minecraft:player":14,"minecraft:warden":9,"minecraft:skeleton":4},"minecraft:dropped":{"minecraft:lapis_lazuli":95,"minecraft:diamond":50,"minecraft:black_bed":1,"minecraft:leather":2,"minecraft:emerald":47,"minecraft:dirt":4,"minecraft:sugar_cane":16,"minecraft:rotten_flesh":11,"minecraft:oak_planks":650,"minecraft:salmon":4,"minecraft:lectern":1,"minecraft:enchanted_book":1,"minecraft:water_bucket":1,"minecraft:golden_helmet":1,"minecraft:tnt":26,"minecraft:stick":256,"minecraft:diamond_horse_armor":1,"minecraft:iron_leggings":1,"minecraft:pink_petals":5,"minecraft:bucket":1,"minecraft:kelp":8,"minecraft:raw_iron":95,"minecraft:iron_chestplate":1,"minecraft:diamond_pickaxe":3,"minecraft:oak_sapling":2,"minecraft:black_wool":2},"minecraft:crafted":{"minecraft:black_dye":3,"minecraft:oak_planks":1576,"minecraft:oak_sign":3,"minecraft:cooked_chicken":2,"minecraft:cooked_mutton":1,"minecraft:glass":38,"minecraft:chest":27,"minecraft:stone_hoe":1,"minecraft:oak_fence":18,"minecraft:oak_slab":78,"minecraft:emerald":51,"minecraft:crafting_table":6,"minecraft:wooden_pickaxe":1,"minecraft:birch_planks":268,"minecraft:iron_chestplate":2,"minecraft:diamond_pickaxe":1,"minecraft:stick":2260,"minecraft:stone_sword":1,"minecraft:gold_ingot":26,"minecraft:black_bed":1,"minecraft:cherry_planks":68,"minecraft:oak_door":3,"minecraft:furnace":1,"minecraft:bone_meal":90,"minecraft:white_carpet":3,"minecraft:iron_axe":2,"minecraft:stone_pickaxe":7,"minecraft:golden_helmet":3,"minecraft:birch_sign":24,"minecraft:cooked_beef":4,"minecraft:bucket":1,"minecraft:enchanted_book":2,"minecraft:flint":10,"minecraft:wooden_axe":5,"minecraft:white_bed":1},"minecraft:custom":{"minecraft:interact_with_crafting_table":74,"minecraft:bell_ring":19,"minecraft:leave_game":5,"minecraft:time_since_death":3919,"minecraft:sprint_one_cm":818642,"minecraft:drop":56,"minecraft:talked_to_villager":70,"minecraft:play_time":672560,"minecraft:deaths":56,"minecraft:jump":6226,"minecraft:walk_on_water_one_cm":129423,"minecraft:enchant_item":2,"minecraft:interact_with_furnace":37,"minecraft:traded_with_villager":54,"minecraft:sleep_in_bed":9,"minecraft:damage_dealt":19430,"minecraft:player_kills":14,"minecraft:crouch_one_cm":94695,"minecraft:interact_with_smoker":2,"minecraft:mob_kills":138,"minecraft:interact_with_anvil":7,"minecraft:climb_one_cm":45811,"minecraft:walk_one_cm":2070935,"minecraft:sneak_time":29537,"minecraft:walk_under_water_one_cm":88265,"minecraft:boat_one_cm":688218,"minecraft:interact_with_blast_furnace":10,"minecraft:total_world_time":672560,"minecraft:interact_with_grindstone":5,"minecraft:interact_with_stonecutter":1,"minecraft:time_since_rest":3939,"minecraft:damage_taken":14082,"minecraft:swim_one_cm":59529,"minecraft:fly_one_cm":1768372,"minecraft:open_chest":607,"minecraft:fall_one_cm":133782},"minecraft:picked_up":{"minecraft:wooden_axe":1,"minecraft:seagrass":4,"minecraft:iron_chestplate":2,"minecraft:wheat":64,"minecraft:lead":6,"minecraft:stone_slab":5,"minecraft:oak_stairs":2,"minecraft:potion":2,"minecraft:enchanted_book":2,"minecraft:music_disc_cat":1,"minecraft:string":5,"minecraft:raw_copper":38,"minecraft:soul_soil":1,"minecraft:iron_leggings":3,"minecraft:shroomlight":3,"minecraft:oak_sign":3,"minecraft:beetroot":19,"minecraft:diamond_leggings":2,"minecraft:smooth_stone":3,"minecraft:gold_nugget":382,"minecraft:cobbled_deepslate":457,"minecraft:rose_bush":62,"minecraft:iron_pickaxe":1,"minecraft:iron_boots":1,"minecraft:furnace":4,"minecraft:golden_helmet":1,"minecraft:stick":16,"minecraft:composter":1,"minecraft:oak_fence":5,"minecraft:torch":121,"minecraft:porkchop":34,"minecraft:cherry_log":75,"minecraft:stone_sword":1,"minecraft:rotten_flesh":75,"minecraft:armadillo_scute":11,"minecraft:obsidian":8,"minecraft:cobblestone":435,"minecraft:birch_log":67,"minecraft:pink_petals":351,"minecraft:magma_block":1,"minecraft:feather":32,"minecraft:lilac":9,"minecraft:magma_cream":1,"minecraft:cherry_planks":1,"minecraft:water_bucket":3,"minecraft:andesite":4,"minecraft:black_bed":3,"minecraft:brown_wool":2,"minecraft:potato":58,"minecraft:magenta_dye":1,"minecraft:flint":14,"minecraft:tuff":83,"minecraft:lapis_lazuli":257,"minecraft:dirt":616,"minecraft:name_tag":2,"minecraft:glass":59,"minecraft:bone":51,"minecraft:bow":2,"minecraft:wheat_seeds":190,"minecraft:raw_gold":32,"minecraft:fletching_table":2,"minecraft:glowstone_dust":33,"minecraft:stone_hoe":1,"minecraft:oak_planks":236,"minecraft:ghast_tear":1,"minecraft:music_disc_13":1,"minecraft:sand":149,"minecraft:ink_sac":3,"minecraft:mossy_cobblestone":1,"minecraft:diamond":85,"minecraft:soul_lantern":4,"minecraft:granite":9,"minecraft:golden_apple":1,"minecraft:emerald":50,"minecraft:oak_sapling":23,"minecraft:netherrack":164,"minecraft:bricks":1,"minecraft:diamond_pickaxe":4,"minecraft:crafting_table":15,"minecraft:azure_bluet":1,"minecraft:chicken":27,"minecraft:brown_mushroom":12,"minecraft:stripped_cherry_log":1,"minecraft:shield":2,"minecraft:flint_and_steel":1,"minecraft:blackstone":3,"minecraft:candle":15,"minecraft:music_disc_otherside":1,"minecraft:beef":37,"minecraft:oak_boat":19,"minecraft:poppy":12,"minecraft:lectern":1,"minecraft:sugar_cane":4,"minecraft:chest":11,"minecraft:birch_sapling":5,"minecraft:egg":2,"minecraft:raw_iron":128,"minecraft:stone":3,"minecraft:oak_door":3,"minecraft:carrot":83,"minecraft:redstone":174,"minecraft:tnt":79,"minecraft:arrow":21,"minecraft:stone_shovel":2,"minecraft:beetroot_seeds":43,"minecraft:peony":97,"minecraft:deepslate_bricks":3,"minecraft:hay_block":5,"minecraft:cracked_deepslate_bricks":2,"minecraft:saddle":2,"minecraft:glow_berries":1,"minecraft:mutton":52,"minecraft:bone_block":51,"minecraft:white_wool":38,"minecraft:basalt":20,"minecraft:salmon":18,"minecraft:leather":16,"minecraft:red_mushroom":16,"minecraft:wolf_armor":2,"minecraft:crimson_fungus":1,"minecraft:oak_log":347,"minecraft:yellow_bed":7,"minecraft:gunpowder":8,"minecraft:white_banner":2,"minecraft:cooked_mutton":12,"minecraft:apple":6,"minecraft:kelp":8,"minecraft:stone_pickaxe":1,"minecraft:iron_ingot":6,"minecraft:cooked_chicken":1,"minecraft:iron_sword":1,"minecraft:soul_sand":12,"minecraft:book":15,"minecraft:sculk_catalyst":2,"minecraft:oak_slab":76,"minecraft:milk_bucket":1,"minecraft:pumpkin":10,"minecraft:sculk":4,"minecraft:quartz":199,"minecraft:dandelion":9,"minecraft:gravel":40,"minecraft:amethyst_shard":15,"minecraft:soul_torch":26,"minecraft:white_bed":6,"minecraft:spider_eye":11,"minecraft:sculk_sensor":1,"minecraft:stone_axe":1,"minecraft:iron_helmet":1,"minecraft:birch_sign":9,"minecraft:cherry_sapling":21,"minecraft:gray_wool":8,"minecraft:black_wool":4,"minecraft:coal":55,"minecraft:sunflower":37},"minecraft:used":{"minecraft:peony":40,"minecraft:beetroot":1,"minecraft:cherry_sapling":19,"minecraft:poppy":10,"minecraft:oak_sign":1,"minecraft:chest":35,"minecraft:iron_sword":30,"minecraft:iron_chestplate":1,"minecraft:mutton":2,"minecraft:carrot":51,"minecraft:tuff":27,"minecraft:azure_bluet":1,"minecraft:milk_bucket":2,"minecraft:glass":13,"minecraft:lava_bucket":5,"minecraft:birch_sapling":2,"minecraft:bow":27,"minecraft:furnace":1,"minecraft:oak_sapling":4,"minecraft:beetroot_seeds":14,"minecraft:potato":21,"minecraft:seagrass":4,"minecraft:stone_pickaxe":894,"minecraft:oak_planks":246,"minecraft:blackstone":3,"minecraft:wooden_pickaxe":37,"minecraft:composter":1,"minecraft:sugar_cane":16,"minecraft:white_wool":2,"minecraft:sand":7,"minecraft:black_bed":2,"minecraft:gravel":1,"minecraft:lilac":5,"minecraft:golden_helmet":2,"minecraft:oak_boat":18,"minecraft:stripped_cherry_log":1,"minecraft:experience_bottle":3,"minecraft:oak_fence":13,"minecraft:rose_bush":22,"minecraft:stone_sword":321,"minecraft:stone_shovel":9,"minecraft:stone_hoe":59,"minecraft:cooked_chicken":1,"minecraft:netherrack":128,"minecraft:oak_door":2,"minecraft:torch":32,"minecraft:dirt":281,"minecraft:white_carpet":3,"minecraft:granite":6,"minecraft:wooden_axe":313,"minecraft:iron_axe":446,"minecraft:basalt":20,"minecraft:cooked_beef":4,"minecraft:cobbled_deepslate":90,"minecraft:cherry_log":71,"minecraft:iron_leggings":1,"minecraft:wheat_seeds":46,"minecraft:cooked_mutton":8,"minecraft:water_bucket":45,"minecraft:fletching_table":2,"minecraft:mossy_cobblestone":1,"minecraft:tnt":35,"minecraft:oak_slab":181,"minecraft:crafting_table":11,"minecraft:birch_sign":26,"minecraft:white_bed":4,"minecraft:oak_log":28,"minecraft:diamond_pickaxe":208,"minecraft:apple":2,"minecraft:iron_pickaxe":312,"minecraft:stone_axe":90,"minecraft:pink_petals":152,"minecraft:cobblestone":194,"minecraft:white_banner":2,"minecraft:bucket":50,"minecraft:dandelion":7,"minecraft:gray_wool":2,"minecraft:candle":1},"minecraft:mined":{"minecraft:white_bed":4,"minecraft:sculk_vein":7,"minecraft:cherry_log":74,"minecraft:obsidian":1,"minecraft:granite":3,"minecraft:grass_block":39,"minecraft:soul_soil":1,"minecraft:crimson_fungus":1,"minecraft:glowstone":17,"minecraft:fire":26,"minecraft:iron_ore":14,"minecraft:cobbled_deepslate":1,"minecraft:pumpkin":5,"minecraft:fletching_table":1,"minecraft:deepslate_lapis_ore":6,"minecraft:sculk_shrieker":1,"minecraft:birch_wall_sign":8,"minecraft:deepslate_redstone_ore":21,"minecraft:brown_mushroom":5,"minecraft:blackstone":3,"minecraft:soul_fire":2,"minecraft:soul_lantern":1,"minecraft:torch":9,"minecraft:poppy":7,"minecraft:chest":11,"minecraft:nether_quartz_ore":199,"minecraft:cobblestone":4,"minecraft:sugar_cane":2,"minecraft:oak_planks":32,"minecraft:wall_torch":4,"minecraft:pink_petals":89,"minecraft:seagrass":1,"minecraft:birch_log":50,"minecraft:wheat":51,"minecraft:lilac":5,"minecraft:black_bed":2,"minecraft:oak_log":308,"minecraft:beetroots":16,"minecraft:dirt":99,"minecraft:sand":52,"minecraft:netherrack":180,"minecraft:oak_leaves":36,"minecraft:deepslate":320,"minecraft:nether_gold_ore":86,"minecraft:tuff":68,"minecraft:deepslate_diamond_ore":35,"minecraft:candle":3,"minecraft:cherry_sapling":1,"minecraft:stripped_cherry_log":1,"minecraft:glow_lichen":1,"minecraft:red_mushroom":9,"minecraft:carrots":26,"minecraft:peony":61,"minecraft:potatoes":9,"minecraft:shroomlight":3,"minecraft:deepslate_iron_ore":72,"minecraft:bone_block":48,"minecraft:stone":90,"minecraft:white_wool":2,"minecraft:oak_slab":64,"minecraft:soul_sand":12,"minecraft:basalt":21,"minecraft:dandelion":5,"minecraft:crafting_table":7,"minecraft:short_grass":191,"minecraft:rose_bush":38,"minecraft:sculk_sensor":4,"minecraft:copper_ore":4,"minecraft:tall_grass":19,"minecraft:deepslate_gold_ore":32,"minecraft:lapis_ore":1,"minecraft:sculk":85,"minecraft:gray_wool":3,"minecraft:bee_nest":1,"minecraft:white_wall_banner":1,"minecraft:yellow_bed":3,"minecraft:coal_ore":55,"minecraft:cherry_leaves":35,"minecraft:sunflower":31,"minecraft:gravel":16}},"DataVersion":3839}